gb_fpr,gb_tpr,rf_fpr,rf_tpr
0.0,0.0,0.0,0.0
0.0,0.0014265335235378032,0.0,0.0014265335235378032
0.0,0.04136947218259629,0.0,0.06847360912981455
0.00044682752457551384,0.04136947218259629,0.0008936550491510277,0.06847360912981455
0.00044682752457551384,0.05848787446504993,0.0008936550491510277,0.06990014265335236
0.0013404825737265416,0.05848787446504993,0.0013404825737265416,0.06990014265335236
0.0013404825737265416,0.06419400855920114,0.0013404825737265416,0.07988587731811697
0.0017873100983020554,0.06419400855920114,0.0017873100983020554,0.07988587731811697
0.0017873100983020554,0.06990014265335236,0.0017873100983020554,0.08131241084165478
0.002234137622877569,0.06990014265335236,0.002234137622877569,0.08131241084165478
0.002234137622877569,0.07275320970042796,0.002234137622877569,0.0884450784593438
0.002680965147453083,0.07275320970042796,0.002680965147453083,0.0884450784593438
0.002680965147453083,0.0898716119828816,0.002680965147453083,0.0898716119828816
0.003127792672028597,0.0898716119828816,0.003127792672028597,0.0898716119828816
0.003127792672028597,0.10128388017118402,0.003127792672028597,0.09700427960057062
0.0035746201966041107,0.10128388017118402,0.0035746201966041107,0.09700427960057062
0.0035746201966041107,0.10413694721825963,0.0035746201966041107,0.09985734664764621
0.004021447721179625,0.10413694721825963,0.004468275245755138,0.09985734664764621
0.004021447721179625,0.12410841654778887,0.004468275245755138,0.10841654778887304
0.004468275245755138,0.12410841654778887,0.004915102770330653,0.10841654778887304
0.004468275245755138,0.12838801711840228,0.004915102770330653,0.12125534950071326
0.004915102770330653,0.12838801711840228,0.005361930294906166,0.12125534950071326
0.004915102770330653,0.1355206847360913,0.005361930294906166,0.12268188302425106
0.005361930294906166,0.1355206847360913,0.00580875781948168,0.12268188302425106
0.005361930294906166,0.1369472182596291,0.00580875781948168,0.12696148359486448
0.00580875781948168,0.1369472182596291,0.006702412868632708,0.12696148359486448
0.00580875781948168,0.14978601997146934,0.006702412868632708,0.12838801711840228
0.006255585344057194,0.14978601997146934,0.0071492403932082215,0.12838801711840228
0.006255585344057194,0.15121255349500715,0.0071492403932082215,0.1355206847360913
0.006702412868632708,0.15121255349500715,0.007596067917783735,0.1355206847360913
0.006702412868632708,0.15263908701854492,0.007596067917783735,0.1398002853067047
0.0071492403932082215,0.15263908701854492,0.008489722966934763,0.1398002853067047
0.0071492403932082215,0.16262482168330955,0.008489722966934763,0.14407988587731813
0.007596067917783735,0.16262482168330955,0.008936550491510277,0.14407988587731813
0.007596067917783735,0.17403708987161198,0.008936550491510277,0.14693295292439373
0.00804289544235925,0.17403708987161198,0.00938337801608579,0.14693295292439373
0.00804289544235925,0.18830242510699002,0.00938337801608579,0.14835948644793154
0.008936550491510277,0.18830242510699002,0.009830205540661306,0.14835948644793154
0.008936550491510277,0.20970042796005706,0.009830205540661306,0.15121255349500715
0.00938337801608579,0.20970042796005706,0.010277033065236819,0.15121255349500715
0.00938337801608579,0.21255349500713266,0.010277033065236819,0.15691868758915833
0.010277033065236819,0.21255349500713266,0.010723860589812333,0.15691868758915833
0.010277033065236819,0.21398002853067047,0.010723860589812333,0.15977175463623394
0.010723860589812333,0.21398002853067047,0.011170688114387846,0.15977175463623394
0.010723860589812333,0.2211126961483595,0.011170688114387846,0.16262482168330955
0.011170688114387846,0.2211126961483595,0.01161751563896336,0.16262482168330955
0.011170688114387846,0.2225392296718973,0.01161751563896336,0.17261055634807418
0.01161751563896336,0.2225392296718973,0.012064343163538873,0.17261055634807418
0.01161751563896336,0.2253922967189729,0.012064343163538873,0.1754636233951498
0.012511170688114389,0.2253922967189729,0.012511170688114389,0.1754636233951498
0.012511170688114389,0.2268188302425107,0.012511170688114389,0.18544935805991442
0.012957998212689902,0.2268188302425107,0.012957998212689902,0.18544935805991442
0.012957998212689902,0.23252496433666192,0.012957998212689902,0.18972895863052783
0.013404825737265416,0.23252496433666192,0.01385165326184093,0.18972895863052783
0.013404825737265416,0.23680456490727533,0.01385165326184093,0.19115549215406563
0.014298480786416443,0.23680456490727533,0.014298480786416443,0.19115549215406563
0.014298480786416443,0.2396576319543509,0.014298480786416443,0.20399429386590584
0.014745308310991957,0.2396576319543509,0.014745308310991957,0.20399429386590584
0.014745308310991957,0.24108416547788872,0.014745308310991957,0.2225392296718973
0.01519213583556747,0.24108416547788872,0.01519213583556747,0.2225392296718973
0.01519213583556747,0.24679029957203993,0.01519213583556747,0.23823109843081314
0.015638963360142984,0.24679029957203993,0.015638963360142984,0.23823109843081314
0.015638963360142984,0.2524964336661912,0.015638963360142984,0.24108416547788872
0.0160857908847185,0.2524964336661912,0.0160857908847185,0.24108416547788872
0.0160857908847185,0.2624821683309558,0.0160857908847185,0.24536376604850213
0.016979445933869526,0.2624821683309558,0.01653261840929401,0.24536376604850213
0.016979445933869526,0.26390870185449355,0.01653261840929401,0.24964336661911554
0.01742627345844504,0.26390870185449355,0.016979445933869526,0.24964336661911554
0.01742627345844504,0.26676176890156916,0.016979445933869526,0.25392296718972895
0.017873100983020553,0.26676176890156916,0.017873100983020553,0.25392296718972895
0.017873100983020553,0.2767475035663338,0.017873100983020553,0.2582025677603424
0.01876675603217158,0.2767475035663338,0.01831992850759607,0.2582025677603424
0.01876675603217158,0.28530670470756064,0.01831992850759607,0.26961483594864477
0.019213583556747096,0.28530670470756064,0.01876675603217158,0.26961483594864477
0.019213583556747096,0.2867332382310984,0.01876675603217158,0.2810271041369472
0.01966041108132261,0.2867332382310984,0.020107238605898123,0.2810271041369472
0.01966041108132261,0.2995720399429387,0.020107238605898123,0.28245363766048504
0.020107238605898123,0.2995720399429387,0.020554066130473638,0.28245363766048504
0.020107238605898123,0.30813124108416545,0.020554066130473638,0.2838801711840228
0.021447721179624665,0.30813124108416545,0.02100089365504915,0.2838801711840228
0.021447721179624665,0.31098430813124106,0.02100089365504915,0.29243937232524964
0.022788203753351208,0.31098430813124106,0.021447721179624665,0.29243937232524964
0.022788203753351208,0.3166904422253923,0.021447721179624665,0.29386590584878747
0.024575513851653262,0.3166904422253923,0.021894548704200177,0.29386590584878747
0.024575513851653262,0.3223965763195435,0.021894548704200177,0.2967189728958631
0.025022341376228777,0.3223965763195435,0.022341376228775692,0.2967189728958631
0.025022341376228777,0.3238231098430813,0.022341376228775692,0.30099857346647646
0.02546916890080429,0.3238231098430813,0.02323503127792672,0.30099857346647646
0.02546916890080429,0.32667617689015693,0.02323503127792672,0.3024251069900143
0.026362823949955316,0.32667617689015693,0.023681858802502235,0.3024251069900143
0.026362823949955316,0.32952924393723254,0.023681858802502235,0.30527817403708984
0.027256478999106343,0.32952924393723254,0.026362823949955316,0.30527817403708984
0.027256478999106343,0.33238231098430815,0.026362823949955316,0.3067047075606277
0.02770330652368186,0.33238231098430815,0.02680965147453083,0.3067047075606277
0.02770330652368186,0.33951497860199714,0.02680965147453083,0.30813124108416545
0.028150134048257374,0.33951497860199714,0.027256478999106343,0.30813124108416545
0.028150134048257374,0.34236804564907275,0.027256478999106343,0.3095577746077033
0.028596961572832886,0.34236804564907275,0.02770330652368186,0.3095577746077033
0.028596961572832886,0.3437945791726106,0.02770330652368186,0.31098430813124106
0.029490616621983913,0.3437945791726106,0.028150134048257374,0.31098430813124106
0.029490616621983913,0.3537803138373752,0.028150134048257374,0.3124108416547789
0.03038427167113494,0.3537803138373752,0.028596961572832886,0.3124108416547789
0.03038427167113494,0.3594864479315264,0.028596961572832886,0.31383737517831667
0.031724754244861486,0.3594864479315264,0.0290437890974084,0.31383737517831667
0.031724754244861486,0.3637660485021398,0.0290437890974084,0.3152639087018545
0.032171581769437,0.3637660485021398,0.029490616621983913,0.3152639087018545
0.032171581769437,0.3651925820256776,0.029490616621983913,0.3166904422253923
0.03261840929401251,0.3651925820256776,0.02993744414655943,0.3166904422253923
0.03261840929401251,0.3723252496433666,0.02993744414655943,0.3223965763195435
0.03306523681858802,0.3723252496433666,0.030831099195710455,0.3223965763195435
0.03306523681858802,0.37375178316690444,0.030831099195710455,0.3252496433666191
0.03351206434316354,0.37375178316690444,0.03306523681858802,0.3252496433666191
0.03351206434316354,0.37945791726105566,0.03306523681858802,0.33666191155492153
0.03395889186773905,0.37945791726105566,0.03395889186773905,0.33666191155492153
0.03395889186773905,0.38088445078459343,0.03395889186773905,0.33808844507845937
0.034405719392314564,0.38088445078459343,0.03485254691689008,0.33808844507845937
0.034405719392314564,0.38516405135520687,0.03485254691689008,0.34807417974322397
0.03485254691689008,0.38516405135520687,0.035746201966041107,0.34807417974322397
0.03485254691689008,0.3880171184022825,0.035746201966041107,0.3566333808844508
0.036193029490616625,0.3880171184022825,0.036193029490616625,0.3566333808844508
0.036193029490616625,0.38944365192582026,0.036193029490616625,0.3594864479315264
0.03753351206434316,0.38944365192582026,0.03753351206434316,0.3594864479315264
0.03753351206434316,0.3908701854493581,0.03753351206434316,0.3609129814550642
0.0388739946380697,0.3908701854493581,0.03798033958891868,0.3609129814550642
0.0388739946380697,0.39229671897289586,0.03798033958891868,0.3637660485021398
0.03932082216264522,0.39229671897289586,0.03842716711349419,0.3637660485021398
0.03932082216264522,0.39372325249643364,0.03842716711349419,0.3651925820256776
0.039767649687220734,0.39372325249643364,0.03932082216264522,0.3651925820256776
0.039767649687220734,0.39514978601997147,0.03932082216264522,0.369472182596291
0.040214477211796246,0.39514978601997147,0.040214477211796246,0.369472182596291
0.040214477211796246,0.4037089871611983,0.040214477211796246,0.37089871611982883
0.04066130473637176,0.4037089871611983,0.04066130473637176,0.37089871611982883
0.04066130473637176,0.4079885877318117,0.04066130473637176,0.3723252496433666
0.0420017873100983,0.4079885877318117,0.041108132260947276,0.3723252496433666
0.0420017873100983,0.4108416547788873,0.041108132260947276,0.3751783166904422
0.04244861483467382,0.4108416547788873,0.04155495978552279,0.3751783166904422
0.04244861483467382,0.4122681883024251,0.04155495978552279,0.3908701854493581
0.04289544235924933,0.4122681883024251,0.043789097408400354,0.3908701854493581
0.04289544235924933,0.41512125534950073,0.043789097408400354,0.39372325249643364
0.04334226988382484,0.41512125534950073,0.0451295799821269,0.39372325249643364
0.04334226988382484,0.41797432239657634,0.0451295799821269,0.39514978601997147
0.043789097408400354,0.41797432239657634,0.045576407506702415,0.39514978601997147
0.043789097408400354,0.4194008559201141,0.045576407506702415,0.3980028530670471
0.04423592493297587,0.4194008559201141,0.04602323503127793,0.3980028530670471
0.04423592493297587,0.4222539229671897,0.04602323503127793,0.39942938659058486
0.0451295799821269,0.4222539229671897,0.04647006255585344,0.39942938659058486
0.0451295799821269,0.42510699001426533,0.04647006255585344,0.4008559201141227
0.04647006255585344,0.42510699001426533,0.04736371760500447,0.4008559201141227
0.04647006255585344,0.42796005706134094,0.04736371760500447,0.4051355206847361
0.04781054512957998,0.42796005706134094,0.04870420017873101,0.4051355206847361
0.04781054512957998,0.43081312410841655,0.04870420017873101,0.4108416547788873
0.04825737265415549,0.43081312410841655,0.049151027703306524,0.4108416547788873
0.04825737265415549,0.43509272467902993,0.049151027703306524,0.4122681883024251
0.05138516532618409,0.43509272467902993,0.050491510277033066,0.4122681883024251
0.05138516532618409,0.43651925820256776,0.050491510277033066,0.42368045649072755
0.05183199285075961,0.43651925820256776,0.05093833780160858,0.42368045649072755
0.05183199285075961,0.43794579172610554,0.05093833780160858,0.4322396576319544
0.05317247542448615,0.43794579172610554,0.05183199285075961,0.4322396576319544
0.05317247542448615,0.43937232524964337,0.05183199285075961,0.43366619115549215
0.05361930294906166,0.43937232524964337,0.05227882037533512,0.43366619115549215
0.05361930294906166,0.44079885877318115,0.05227882037533512,0.4450784593437946
0.054959785522788206,0.44079885877318115,0.05361930294906166,0.4450784593437946
0.054959785522788206,0.44365192582025675,0.05361930294906166,0.44650499286733236
0.05585344057193923,0.44365192582025675,0.054066130473637175,0.44650499286733236
0.05585344057193923,0.4450784593437946,0.054066130473637175,0.4507845934379458
0.05630026809651475,0.4450784593437946,0.054959785522788206,0.4507845934379458
0.05630026809651475,0.44650499286733236,0.054959785522788206,0.4550641940085592
0.05719392314566577,0.44650499286733236,0.05540661304736372,0.4550641940085592
0.05719392314566577,0.44935805991440797,0.05540661304736372,0.4593437945791726
0.057640750670241284,0.44935805991440797,0.05585344057193923,0.4593437945791726
0.057640750670241284,0.4507845934379458,0.05585344057193923,0.4607703281027104
0.058981233243967826,0.4507845934379458,0.05630026809651475,0.4607703281027104
0.058981233243967826,0.4522111269614836,0.05630026809651475,0.463623395149786
0.05987488829311886,0.4522111269614836,0.05719392314566577,0.463623395149786
0.05987488829311886,0.4536376604850214,0.05719392314566577,0.46504992867332384
0.0612153708668454,0.4536376604850214,0.059428060768543345,0.46504992867332384
0.0612153708668454,0.4579172610556348,0.059428060768543345,0.4664764621968616
0.06344950848972297,0.4579172610556348,0.06389633601429848,0.4664764621968616
0.06344950848972297,0.4593437945791726,0.06389633601429848,0.4693295292439372
0.06568364611260054,0.4593437945791726,0.06568364611260054,0.4693295292439372
0.06568364611260054,0.4607703281027104,0.06568364611260054,0.47075606276747506
0.06747095621090259,0.4607703281027104,0.06613047363717604,0.47075606276747506
0.06747095621090259,0.46219686162624823,0.06613047363717604,0.47218259629101283
0.06836461126005362,0.46219686162624823,0.06747095621090259,0.47218259629101283
0.06836461126005362,0.463623395149786,0.06747095621090259,0.47360912981455067
0.06970509383378017,0.463623395149786,0.06836461126005362,0.47360912981455067
0.06970509383378017,0.46504992867332384,0.06836461126005362,0.47503566333808844
0.07104557640750671,0.46504992867332384,0.07059874888293119,0.47503566333808844
0.07104557640750671,0.4693295292439372,0.07059874888293119,0.4793152639087018
0.07149240393208221,0.4693295292439372,0.07104557640750671,0.4793152639087018
0.07149240393208221,0.47503566333808844,0.07104557640750671,0.48074179743223966
0.07193923145665773,0.47503566333808844,0.07149240393208221,0.48074179743223966
0.07193923145665773,0.4764621968616263,0.07149240393208221,0.48216833095577744
0.07283288650580876,0.4764621968616263,0.07193923145665773,0.48216833095577744
0.07283288650580876,0.4793152639087018,0.07193923145665773,0.48359486447931527
0.07327971403038427,0.4793152639087018,0.07238605898123325,0.48359486447931527
0.07327971403038427,0.48074179743223966,0.07238605898123325,0.4864479315263909
0.07462019660411082,0.48074179743223966,0.07372654155495978,0.4864479315263909
0.07462019660411082,0.4864479315263909,0.07372654155495978,0.48787446504992865
0.07596067917783736,0.4864479315263909,0.07462019660411082,0.48787446504992865
0.07596067917783736,0.48787446504992865,0.07462019660411082,0.49072753209700426
0.0777479892761394,0.48787446504992865,0.07551385165326184,0.49072753209700426
0.0777479892761394,0.4893009985734665,0.07551385165326184,0.4921540656205421
0.07819481680071493,0.4893009985734665,0.07640750670241286,0.4921540656205421
0.07819481680071493,0.49072753209700426,0.07640750670241286,0.49358059914407987
0.07998212689901697,0.49072753209700426,0.0773011617515639,0.49358059914407987
0.07998212689901697,0.49358059914407987,0.0773011617515639,0.4950071326676177
0.08132260947274352,0.49358059914407987,0.08087578194816801,0.4950071326676177
0.08132260947274352,0.4950071326676177,0.08087578194816801,0.4964336661911555
0.08176943699731903,0.4950071326676177,0.08310991957104558,0.4964336661911555
0.08176943699731903,0.4992867332382311,0.08310991957104558,0.5007132667617689
0.08266309204647006,0.4992867332382311,0.0835567470956211,0.5007132667617689
0.08266309204647006,0.5035663338088445,0.0835567470956211,0.5035663338088445
0.08445040214477212,0.5035663338088445,0.0840035746201966,0.5035663338088445
0.08445040214477212,0.5049928673323824,0.0840035746201966,0.5078459343794579
0.08579088471849866,0.5049928673323824,0.08534405719392314,0.5078459343794579
0.08579088471849866,0.5078459343794579,0.08534405719392314,0.5106990014265336
0.08668453976764968,0.5078459343794579,0.08579088471849866,0.5106990014265336
0.08668453976764968,0.5106990014265336,0.08579088471849866,0.5121255349500713
0.08847184986595175,0.5106990014265336,0.08623771224307418,0.5121255349500713
0.08847184986595175,0.5121255349500713,0.08623771224307418,0.5135520684736091
0.08936550491510277,0.5121255349500713,0.08891867739052725,0.5135520684736091
0.08936550491510277,0.5135520684736091,0.08891867739052725,0.514978601997147
0.08981233243967829,0.5135520684736091,0.08936550491510277,0.514978601997147
0.08981233243967829,0.514978601997147,0.08936550491510277,0.5164051355206848
0.0902591599642538,0.514978601997147,0.09070598748882931,0.5164051355206848
0.0902591599642538,0.5164051355206848,0.09070598748882931,0.5249643366619116
0.09070598748882931,0.5164051355206848,0.09159964253798034,0.5249643366619116
0.09070598748882931,0.5178316690442225,0.09159964253798034,0.5306704707560628
0.09249329758713137,0.5178316690442225,0.0933869526362824,0.5306704707560628
0.09249329758713137,0.5206847360912982,0.0933869526362824,0.5320970042796006
0.09472743521000894,0.5206847360912982,0.09472743521000894,0.5320970042796006
0.09472743521000894,0.5221112696148359,0.09472743521000894,0.5335235378031383
0.09517426273458444,0.5221112696148359,0.09517426273458444,0.5335235378031383
0.09517426273458444,0.5235378031383737,0.09517426273458444,0.536376604850214
0.09651474530831099,0.5235378031383737,0.09651474530831099,0.536376604850214
0.09651474530831099,0.5249643366619116,0.09651474530831099,0.5378031383737518
0.09785522788203753,0.5249643366619116,0.09874888293118857,0.5378031383737518
0.09785522788203753,0.5263908701854494,0.09874888293118857,0.5392296718972895
0.09874888293118857,0.5263908701854494,0.10008936550491511,0.5392296718972895
0.09874888293118857,0.5278174037089871,0.10008936550491511,0.5420827389443652
0.09919571045576407,0.5278174037089871,0.10053619302949061,0.5420827389443652
0.09919571045576407,0.5349500713266762,0.10053619302949061,0.543509272467903
0.10008936550491511,0.5349500713266762,0.10187667560321716,0.543509272467903
0.10008936550491511,0.536376604850214,0.10187667560321716,0.5449358059914408
0.10053619302949061,0.536376604850214,0.10277033065236818,0.5449358059914408
0.10053619302949061,0.5392296718972895,0.10277033065236818,0.5463623395149786
0.10187667560321716,0.5392296718972895,0.1032171581769437,0.5463623395149786
0.10187667560321716,0.5406562054208274,0.1032171581769437,0.5477888730385164
0.10277033065236818,0.5406562054208274,0.10411081322609472,0.5477888730385164
0.10277033065236818,0.5420827389443652,0.10411081322609472,0.5492154065620543
0.10366398570151922,0.5420827389443652,0.10500446827524576,0.5492154065620543
0.10366398570151922,0.543509272467903,0.10500446827524576,0.5534950071326676
0.10455764075067024,0.543509272467903,0.10545129579982127,0.5534950071326676
0.10455764075067024,0.5449358059914408,0.10545129579982127,0.5549215406562055
0.10500446827524576,0.5449358059914408,0.10589812332439678,0.5549215406562055
0.10500446827524576,0.5477888730385164,0.10589812332439678,0.557774607703281
0.10545129579982127,0.5477888730385164,0.10679177837354781,0.557774607703281
0.10545129579982127,0.5492154065620543,0.10679177837354781,0.5606276747503567
0.10679177837354781,0.5492154065620543,0.10813226094727435,0.5606276747503567
0.10679177837354781,0.5534950071326676,0.10813226094727435,0.5620542082738944
0.10902591599642537,0.5534950071326676,0.10947274352100089,0.5620542082738944
0.10902591599642537,0.5563480741797432,0.10947274352100089,0.5634807417974322
0.11126005361930295,0.5563480741797432,0.10991957104557641,0.5634807417974322
0.11126005361930295,0.557774607703281,0.10991957104557641,0.5649072753209701
0.11349419124218052,0.557774607703281,0.11215370866845398,0.5649072753209701
0.11349419124218052,0.5592011412268189,0.11215370866845398,0.5677603423680456
0.11483467381590706,0.5592011412268189,0.1126005361930295,0.5677603423680456
0.11483467381590706,0.5606276747503567,0.1126005361930295,0.5691868758915835
0.1161751563896336,0.5606276747503567,0.113047363717605,0.5691868758915835
0.1161751563896336,0.5634807417974322,0.113047363717605,0.5706134094151213
0.11662198391420911,0.5634807417974322,0.11349419124218052,0.5706134094151213
0.11662198391420911,0.5649072753209701,0.11349419124218052,0.5734664764621968
0.11751563896336015,0.5649072753209701,0.11394101876675604,0.5734664764621968
0.11751563896336015,0.5677603423680456,0.11394101876675604,0.5763195435092725
0.11840929401251117,0.5677603423680456,0.11438784629133154,0.5763195435092725
0.11840929401251117,0.5691868758915835,0.11438784629133154,0.5777460770328102
0.11885612153708669,0.5691868758915835,0.11572832886505809,0.5777460770328102
0.11885612153708669,0.572039942938659,0.11572832886505809,0.579172610556348
0.1193029490616622,0.572039942938659,0.11796246648793565,0.579172610556348
0.1193029490616622,0.5777460770328102,0.11796246648793565,0.5820256776034237
0.12198391420911528,0.5777460770328102,0.1193029490616622,0.5820256776034237
0.12198391420911528,0.579172610556348,0.1193029490616622,0.5834522111269614
0.12332439678284182,0.579172610556348,0.12153708668453976,0.5834522111269614
0.12332439678284182,0.5834522111269614,0.12153708668453976,0.5848787446504993
0.1255585344057194,0.5834522111269614,0.12377122430741734,0.5848787446504993
0.1255585344057194,0.5848787446504993,0.12377122430741734,0.5863052781740371
0.12734584450402145,0.5848787446504993,0.12466487935656836,0.5863052781740371
0.12734584450402145,0.5863052781740371,0.12466487935656836,0.5891583452211127
0.13047363717605004,0.5863052781740371,0.1255585344057194,0.5891583452211127
0.13047363717605004,0.5891583452211127,0.1255585344057194,0.5905848787446505
0.13136729222520108,0.5891583452211127,0.12779267202859695,0.5905848787446505
0.13136729222520108,0.5905848787446505,0.12779267202859695,0.5920114122681883
0.1322609472743521,0.5905848787446505,0.13047363717605004,0.5920114122681883
0.1322609472743521,0.5934379457917262,0.13047363717605004,0.5934379457917262
0.13494191242180517,0.5934379457917262,0.13092046470062557,0.5934379457917262
0.13494191242180517,0.5948644793152639,0.13092046470062557,0.5948644793152639
0.13672922252010725,0.5948644793152639,0.13315460232350312,0.5948644793152639
0.13672922252010725,0.5962910128388017,0.13315460232350312,0.5962910128388017
0.14075067024128687,0.5962910128388017,0.13404825737265416,0.5962910128388017
0.14075067024128687,0.5977175463623395,0.13404825737265416,0.6005706134094151
0.14209115281501342,0.5977175463623395,0.13494191242180517,0.6005706134094151
0.14209115281501342,0.5991440798858774,0.13494191242180517,0.6019971469329529
0.14298480786416443,0.5991440798858774,0.1353887399463807,0.6019971469329529
0.14298480786416443,0.6005706134094151,0.1353887399463807,0.6034236804564908
0.14432529043789097,0.6005706134094151,0.1362823949955317,0.6034236804564908
0.14432529043789097,0.6019971469329529,0.1362823949955317,0.6048502139800286
0.1447721179624665,0.6019971469329529,0.13672922252010725,0.6048502139800286
0.1447721179624665,0.6048502139800286,0.13672922252010725,0.6062767475035663
0.14655942806076855,0.6048502139800286,0.1385165326184093,0.6062767475035663
0.14655942806076855,0.6105563480741797,0.1385165326184093,0.6077032810271041
0.1483467381590706,0.6105563480741797,0.13985701519213584,0.6077032810271041
0.1483467381590706,0.6119828815977175,0.13985701519213584,0.6105563480741797
0.15058087578194818,0.6119828815977175,0.14030384271671134,0.6105563480741797
0.15058087578194818,0.6191155492154066,0.14030384271671134,0.6119828815977175
0.15147453083109919,0.6191155492154066,0.14164432529043788,0.6119828815977175
0.15147453083109919,0.6205420827389444,0.14164432529043788,0.6134094151212554
0.15192135835567472,0.6205420827389444,0.14209115281501342,0.6134094151212554
0.15192135835567472,0.6219686162624821,0.14209115281501342,0.6148359486447932
0.15326184092940126,0.6219686162624821,0.14253798033958892,0.6148359486447932
0.15326184092940126,0.62339514978602,0.14253798033958892,0.6162624821683309
0.15415549597855227,0.62339514978602,0.14432529043789097,0.6162624821683309
0.15415549597855227,0.6262482168330956,0.14432529043789097,0.6176890156918687
0.1546023235031278,0.6262482168330956,0.145218945487042,0.6176890156918687
0.1546023235031278,0.6276747503566333,0.145218945487042,0.6191155492154066
0.15683646112600536,0.6276747503566333,0.14700625558534405,0.6191155492154066
0.15683646112600536,0.6291012838801712,0.14700625558534405,0.6205420827389444
0.1572832886505809,0.6291012838801712,0.1483467381590706,0.6205420827389444
0.1572832886505809,0.6319543509272468,0.1483467381590706,0.6219686162624821
0.1577301161751564,0.6319543509272468,0.15013404825737264,0.6219686162624821
0.1577301161751564,0.6348074179743224,0.15013404825737264,0.62339514978602
0.1581769436997319,0.6348074179743224,0.15147453083109919,0.62339514978602
0.1581769436997319,0.637660485021398,0.15147453083109919,0.6248216833095578
0.15862377122430743,0.637660485021398,0.15192135835567472,0.6248216833095578
0.15862377122430743,0.6419400855920114,0.15192135835567472,0.6262482168330956
0.15996425379803395,0.6419400855920114,0.1546023235031278,0.6262482168330956
0.15996425379803395,0.6433666191155493,0.1546023235031278,0.6276747503566333
0.1644325290437891,0.6433666191155493,0.15594280607685435,0.6276747503566333
0.1644325290437891,0.6462196861626248,0.15594280607685435,0.6291012838801712
0.1648793565683646,0.6462196861626248,0.15907059874888294,0.6291012838801712
0.1648793565683646,0.6476462196861626,0.15907059874888294,0.6319543509272468
0.16666666666666666,0.6476462196861626,0.16041108132260948,0.6319543509272468
0.16666666666666666,0.6490727532097005,0.16041108132260948,0.6333808844507846
0.1671134941912422,0.6490727532097005,0.16264521894548703,0.6333808844507846
0.1671134941912422,0.6504992867332382,0.16264521894548703,0.6348074179743224
0.16890080428954424,0.6504992867332382,0.16309204647006256,0.6348074179743224
0.16890080428954424,0.651925820256776,0.16309204647006256,0.6405135520684736
0.17068811438784628,0.651925820256776,0.1648793565683646,0.6405135520684736
0.17068811438784628,0.6533523537803139,0.1648793565683646,0.6433666191155493
0.17113494191242182,0.6533523537803139,0.1671134941912422,0.6433666191155493
0.17113494191242182,0.6547788873038516,0.1671134941912422,0.644793152639087
0.17292225201072386,0.6547788873038516,0.1680071492403932,0.644793152639087
0.17292225201072386,0.6562054208273894,0.1680071492403932,0.6462196861626248
0.1747095621090259,0.6562054208273894,0.16934763181411974,0.6462196861626248
0.1747095621090259,0.6604850213980028,0.16934763181411974,0.6476462196861626
0.17605004468275245,0.6604850213980028,0.17068811438784628,0.6476462196861626
0.17605004468275245,0.6619115549215406,0.17068811438784628,0.6490727532097005
0.17649687220732796,0.6619115549215406,0.17292225201072386,0.6490727532097005
0.17649687220732796,0.6633380884450785,0.17292225201072386,0.6533523537803139
0.177390527256479,0.6633380884450785,0.17560321715817695,0.6533523537803139
0.177390527256479,0.6647646219686163,0.17560321715817695,0.6547788873038516
0.1778373547810545,0.6647646219686163,0.17605004468275245,0.6547788873038516
0.1778373547810545,0.6676176890156919,0.17605004468275245,0.6576319543509273
0.17962466487935658,0.6676176890156919,0.18319928507596067,0.6576319543509273
0.17962466487935658,0.6690442225392297,0.18319928507596067,0.6604850213980028
0.18007149240393208,0.6690442225392297,0.18453976764968721,0.6604850213980028
0.18007149240393208,0.6733238231098431,0.18453976764968721,0.6619115549215406
0.18275245755138517,0.6733238231098431,0.1867739052725648,0.6619115549215406
0.18275245755138517,0.6747503566333809,0.1867739052725648,0.666191155492154
0.18319928507596067,0.6747503566333809,0.1872207327971403,0.666191155492154
0.18319928507596067,0.6761768901569187,0.1872207327971403,0.6690442225392297
0.18498659517426275,0.6761768901569187,0.18900804289544235,0.6690442225392297
0.18498659517426275,0.6776034236804565,0.18900804289544235,0.6733238231098431
0.18588025022341376,0.6776034236804565,0.18945487042001788,0.6733238231098431
0.18588025022341376,0.6804564907275321,0.18945487042001788,0.6747503566333809
0.1867739052725648,0.6804564907275321,0.19168900804289543,0.6747503566333809
0.1867739052725648,0.68188302425107,0.19168900804289543,0.6761768901569187
0.18900804289544235,0.68188302425107,0.19481680071492405,0.6761768901569187
0.18900804289544235,0.6833095577746077,0.19481680071492405,0.6776034236804565
0.18990169794459338,0.6833095577746077,0.1970509383378016,0.6776034236804565
0.18990169794459338,0.6847360912981455,0.1970509383378016,0.6804564907275321
0.19079535299374442,0.6847360912981455,0.19839142091152814,0.6804564907275321
0.19079535299374442,0.6861626248216833,0.19839142091152814,0.6833095577746077
0.19213583556747096,0.6861626248216833,0.20241286863270777,0.6833095577746077
0.19213583556747096,0.6875891583452212,0.20241286863270777,0.6847360912981455
0.19526362823949955,0.6875891583452212,0.2033065236818588,0.6847360912981455
0.19571045576407506,0.6890156918687589,0.2033065236818588,0.6861626248216833
0.19749776586237713,0.6890156918687589,0.20420017873100982,0.6861626248216833
0.19749776586237713,0.6918687589158345,0.20420017873100982,0.6875891583452212
0.19928507596067918,0.6918687589158345,0.2059874888293119,0.6875891583452212
0.19928507596067918,0.6932952924393724,0.2059874888293119,0.6890156918687589
0.20420017873100982,0.6932952924393724,0.209562109025916,0.6890156918687589
0.20420017873100982,0.6961483594864479,0.209562109025916,0.6904422253922967
0.20554066130473636,0.6961483594864479,0.21134941912421806,0.6904422253922967
0.20554066130473636,0.6990014265335235,0.21134941912421806,0.6918687589158345
0.2064343163538874,0.6990014265335235,0.21403038427167115,0.6918687589158345
0.2064343163538874,0.7004279600570613,0.21403038427167115,0.6947218259629101
0.21224307417336907,0.7004279600570613,0.21447721179624665,0.6947218259629101
0.21224307417336907,0.7018544935805991,0.21447721179624665,0.6961483594864479
0.2126899016979446,0.7018544935805991,0.21537086684539766,0.6961483594864479
0.2126899016979446,0.703281027104137,0.21537086684539766,0.6990014265335235
0.21358355674709562,0.703281027104137,0.2162645218945487,0.6990014265335235
0.21358355674709562,0.7047075606276747,0.2162645218945487,0.7004279600570613
0.21403038427167115,0.7047075606276747,0.2167113494191242,0.7004279600570613
0.21403038427167115,0.7089871611982882,0.2167113494191242,0.7018544935805991
0.21849865951742628,0.7089871611982882,0.21715817694369974,0.7018544935805991
0.21849865951742628,0.7104136947218259,0.21715817694369974,0.703281027104137
0.22162645218945487,0.7104136947218259,0.21760500446827524,0.703281027104137
0.22162645218945487,0.7118402282453637,0.21760500446827524,0.7047075606276747
0.22207327971403037,0.7118402282453637,0.22028596961572833,0.7047075606276747
0.22207327971403037,0.7132667617689016,0.22028596961572833,0.7075606276747504
0.2225201072386059,0.7132667617689016,0.22207327971403037,0.7075606276747504
0.2225201072386059,0.7146932952924394,0.22207327971403037,0.7089871611982882
0.2229669347631814,0.7146932952924394,0.22386058981233245,0.7089871611982882
0.2229669347631814,0.7161198288159771,0.22386058981233245,0.7104136947218259
0.22341376228775692,0.7161198288159771,0.22475424486148346,0.7104136947218259
0.22341376228775692,0.717546362339515,0.22475424486148346,0.7118402282453637
0.22386058981233245,0.717546362339515,0.2287756925826631,0.7118402282453637
0.22386058981233245,0.7189728958630528,0.2287756925826631,0.7132667617689016
0.22430741733690795,0.7189728958630528,0.22966934763181412,0.7132667617689016
0.22430741733690795,0.7203994293865906,0.22966934763181412,0.7146932952924394
0.22832886505808758,0.7203994293865906,0.23458445040214476,0.7146932952924394
0.22832886505808758,0.7218259629101283,0.23458445040214476,0.7161198288159771
0.23011617515638963,0.7218259629101283,0.2359249329758713,0.7161198288159771
0.23011617515638963,0.7232524964336662,0.2359249329758713,0.717546362339515
0.23369079535299375,0.7232524964336662,0.23726541554959785,0.717546362339515
0.23369079535299375,0.724679029957204,0.23726541554959785,0.7189728958630528
0.23413762287756926,0.724679029957204,0.23815907059874888,0.7189728958630528
0.23413762287756926,0.7261055634807418,0.23815907059874888,0.7203994293865906
0.2350312779267203,0.7261055634807418,0.2386058981233244,0.7203994293865906
0.2350312779267203,0.7289586305278174,0.2386058981233244,0.7218259629101283
0.2359249329758713,0.7289586305278174,0.2421805183199285,0.7218259629101283
0.2359249329758713,0.7303851640513552,0.2421805183199285,0.724679029957204
0.23771224307417338,0.7303851640513552,0.24754244861483468,0.724679029957204
0.23771224307417338,0.7318116975748931,0.24754244861483468,0.7289586305278174
0.23949955317247543,0.7318116975748931,0.25022341376228774,0.7289586305278174
0.23949955317247543,0.7332382310984308,0.2515638963360143,0.7289586305278174
0.24441465594280606,0.7332382310984308,0.2645218945487042,0.7289586305278174
0.24441465594280606,0.7360912981455064,0.2645218945487042,0.7346647646219686
0.24620196604110814,0.7360912981455064,0.2667560321715818,0.7346647646219686
0.24754244861483468,0.7360912981455064,0.2667560321715818,0.7375178316690443
0.24754244861483468,0.7375178316690443,0.26899016979445933,0.7375178316690443
0.24932975871313673,0.7375178316690443,0.26899016979445933,0.7403708987161198
0.24932975871313673,0.738944365192582,0.2712243074173369,0.7403708987161198
0.25022341376228774,0.738944365192582,0.2712243074173369,0.7417974322396577
0.25022341376228774,0.7403708987161198,0.27211796246648795,0.7417974322396577
0.2515638963360143,0.7403708987161198,0.27211796246648795,0.7432239657631954
0.2515638963360143,0.7417974322396577,0.27301161751563896,0.7432239657631954
0.25245755138516535,0.7417974322396577,0.27301161751563896,0.7446504992867332
0.25245755138516535,0.7432239657631954,0.2743521000893655,0.7446504992867332
0.2529043789097408,0.7432239657631954,0.2743521000893655,0.746077032810271
0.2529043789097408,0.7446504992867332,0.2761394101876676,0.746077032810271
0.25424486148346737,0.7446504992867332,0.2761394101876676,0.7475035663338089
0.25424486148346737,0.746077032810271,0.2779267202859696,0.7475035663338089
0.25513851653261843,0.746077032810271,0.2779267202859696,0.7489300998573466
0.25513851653261843,0.7475035663338089,0.2797140303842717,0.7489300998573466
0.258266309204647,0.7475035663338089,0.2797140303842717,0.7517831669044223
0.258266309204647,0.7489300998573466,0.28418230563002683,0.7517831669044223
0.2613941018766756,0.7489300998573466,0.28418230563002683,0.7532097004279601
0.2613941018766756,0.7503566333808844,0.2846291331546023,0.7532097004279601
0.26184092940125114,0.7503566333808844,0.2846291331546023,0.7560627674750356
0.26184092940125114,0.7517831669044223,0.2855227882037534,0.7560627674750356
0.2649687220732797,0.7517831669044223,0.2855227882037534,0.7574893009985735
0.2649687220732797,0.7532097004279601,0.2864164432529044,0.7574893009985735
0.2658623771224307,0.7532097004279601,0.2864164432529044,0.7589158345221113
0.2658623771224307,0.7546362339514978,0.2868632707774799,0.7589158345221113
0.2667560321715818,0.7546362339514978,0.2868632707774799,0.7617689015691869
0.2667560321715818,0.7560627674750356,0.2877569258266309,0.7617689015691869
0.2685433422698838,0.7560627674750356,0.2877569258266309,0.7631954350927247
0.2685433422698838,0.7574893009985735,0.2899910634495085,0.7631954350927247
0.2716711349419124,0.7574893009985735,0.2899910634495085,0.7646219686162625
0.2716711349419124,0.7589158345221113,0.29177837354781055,0.7646219686162625
0.27390527256478997,0.7589158345221113,0.29177837354781055,0.7660485021398002
0.27390527256478997,0.760342368045649,0.2935656836461126,0.7660485021398002
0.2837354781054513,0.760342368045649,0.2935656836461126,0.7674750356633381
0.2837354781054513,0.7631954350927247,0.29803395889186773,0.7674750356633381
0.2864164432529044,0.7631954350927247,0.29803395889186773,0.7689015691868759
0.2864164432529044,0.7646219686162625,0.2993744414655943,0.7689015691868759
0.28820375335120646,0.7646219686162625,0.2993744414655943,0.7703281027104137
0.28820375335120646,0.7660485021398002,0.3007149240393208,0.7703281027104137
0.28909740840035747,0.7660485021398002,0.3007149240393208,0.7717546362339515
0.28909740840035747,0.7674750356633381,0.30205540661304736,0.7717546362339515
0.290437890974084,0.7674750356633381,0.30205540661304736,0.7746077032810271
0.290437890974084,0.7689015691868759,0.3092046470062556,0.7746077032810271
0.29267202859696156,0.7689015691868759,0.3092046470062556,0.7774607703281027
0.29267202859696156,0.7703281027104137,0.3100983020554066,0.7774607703281027
0.29445933869526364,0.7703281027104137,0.3100983020554066,0.7788873038516405
0.29445933869526364,0.7717546362339515,0.31680071492403933,0.7788873038516405
0.2957998212689902,0.7717546362339515,0.31680071492403933,0.7803138373751783
0.2957998212689902,0.7731811697574893,0.3199285075960679,0.7803138373751783
0.29803395889186773,0.7731811697574893,0.3199285075960679,0.7845934379457917
0.29803395889186773,0.776034236804565,0.322609472743521,0.7845934379457917
0.3002680965147453,0.776034236804565,0.322609472743521,0.7860199714693296
0.3002680965147453,0.7774607703281027,0.32439678284182305,0.7860199714693296
0.30160857908847183,0.7774607703281027,0.32439678284182305,0.7874465049928673
0.30160857908847183,0.7788873038516405,0.32752457551385167,0.7874465049928673
0.30294906166219837,0.7788873038516405,0.32752457551385167,0.7888730385164051
0.30294906166219837,0.7803138373751783,0.32797140303842715,0.7888730385164051
0.30384271671134944,0.7803138373751783,0.32797140303842715,0.7902995720399429
0.30384271671134944,0.7817403708987162,0.3284182305630027,0.7902995720399429
0.30831099195710454,0.7817403708987162,0.3284182305630027,0.7917261055634808
0.30831099195710454,0.7845934379457917,0.3351206434316354,0.7917261055634808
0.3092046470062556,0.7845934379457917,0.3351206434316354,0.7931526390870185
0.3092046470062556,0.7860199714693296,0.3355674709562109,0.7931526390870185
0.3096514745308311,0.7860199714693296,0.3355674709562109,0.7945791726105563
0.3096514745308311,0.7874465049928673,0.33690795352993747,0.7945791726105563
0.3100983020554066,0.7874465049928673,0.33690795352993747,0.7960057061340942
0.3100983020554066,0.7888730385164051,0.33735478105451294,0.7960057061340942
0.3136729222520107,0.7888730385164051,0.33735478105451294,0.797432239657632
0.3136729222520107,0.7902995720399429,0.3386952636282395,0.797432239657632
0.31724754244861486,0.7902995720399429,0.3386952636282395,0.7988587731811697
0.31724754244861486,0.7917261055634808,0.34048257372654156,0.7988587731811697
0.32126899016979443,0.7917261055634808,0.34048257372654156,0.8002853067047075
0.32126899016979443,0.7945791726105563,0.34226988382484363,0.8002853067047075
0.3257372654155496,0.7945791726105563,0.34226988382484363,0.8017118402282454
0.3257372654155496,0.7960057061340942,0.34316353887399464,0.8017118402282454
0.32707774798927614,0.7960057061340942,0.34316353887399464,0.8031383737517832
0.32707774798927614,0.797432239657632,0.3436103663985702,0.8031383737517832
0.3288650580875782,0.797432239657632,0.3436103663985702,0.8045649072753209
0.3288650580875782,0.7988587731811697,0.34405719392314565,0.8045649072753209
0.3293118856121537,0.7988587731811697,0.34405719392314565,0.8059914407988588
0.3293118856121537,0.8002853067047075,0.3480786416443253,0.8059914407988588
0.3315460232350313,0.8002853067047075,0.3480786416443253,0.8074179743223966
0.3315460232350313,0.8017118402282454,0.3516532618409294,0.8074179743223966
0.3342269883824844,0.8017118402282454,0.3516532618409294,0.8088445078459344
0.3342269883824844,0.8031383737517832,0.35344057193923145,0.8088445078459344
0.3360142984807864,0.8031383737517832,0.35344057193923145,0.8102710413694721
0.3360142984807864,0.8045649072753209,0.35656836461126007,0.8102710413694721
0.33690795352993747,0.8045649072753209,0.35656836461126007,0.8145506419400856
0.33690795352993747,0.8059914407988588,0.3583556747095621,0.8145506419400856
0.3386952636282395,0.8059914407988588,0.3583556747095621,0.8174037089871612
0.3386952636282395,0.8074179743223966,0.36014298480786416,0.8174037089871612
0.3418230563002681,0.8074179743223966,0.36014298480786416,0.8202567760342369
0.3418230563002681,0.8088445078459344,0.36193029490616624,0.8202567760342369
0.3436103663985702,0.8088445078459344,0.36193029490616624,0.8216833095577746
0.3436103663985702,0.8102710413694721,0.36282394995531725,0.8216833095577746
0.3453976764968722,0.8102710413694721,0.36282394995531725,0.8231098430813124
0.3453976764968722,0.81169757489301,0.3650580875781948,0.8231098430813124
0.34629133154602326,0.81169757489301,0.3650580875781948,0.8245363766048502
0.34629133154602326,0.8131241084165478,0.3681858802502234,0.8245363766048502
0.34986595174262736,0.8131241084165478,0.3681858802502234,0.8259629101283881
0.34986595174262736,0.8159771754636234,0.36907953529937443,0.8259629101283881
0.35075960679177837,0.8159771754636234,0.36907953529937443,0.8273894436519258
0.35075960679177837,0.8174037089871612,0.3726541554959786,0.8273894436519258
0.3529937444146559,0.8174037089871612,0.3726541554959786,0.8288159771754636
0.3529937444146559,0.8216833095577746,0.3744414655942806,0.8288159771754636
0.3552278820375335,0.8216833095577746,0.3744414655942806,0.8302425106990015
0.3552278820375335,0.8231098430813124,0.3780160857908847,0.8302425106990015
0.3588025022341376,0.8231098430813124,0.3780160857908847,0.8316690442225392
0.3588025022341376,0.8259629101283881,0.37935656836461124,0.8316690442225392
0.3681858802502234,0.8259629101283881,0.37935656836461124,0.833095577746077
0.3681858802502234,0.8288159771754636,0.38605898123324395,0.833095577746077
0.36907953529937443,0.8288159771754636,0.38605898123324395,0.8345221112696148
0.36907953529937443,0.8302425106990015,0.38918677390527256,0.8345221112696148
0.3699731903485255,0.8302425106990015,0.38918677390527256,0.8373751783166904
0.3699731903485255,0.8345221112696148,0.3936550491510277,0.8373751783166904
0.37131367292225204,0.8345221112696148,0.3936550491510277,0.8388017118402282
0.37131367292225204,0.8359486447931527,0.39499553172475427,0.8388017118402282
0.37935656836461124,0.8359486447931527,0.39499553172475427,0.8402282453637661
0.37935656836461124,0.8373751783166904,0.3958891867739053,0.8402282453637661
0.38248436103663985,0.8373751783166904,0.3958891867739053,0.8416547788873039
0.38248436103663985,0.8388017118402282,0.3999106344950849,0.8416547788873039
0.3829311885612154,0.8388017118402282,0.3999106344950849,0.8430813124108416
0.3829311885612154,0.8402282453637661,0.40393208221626453,0.8430813124108416
0.3865058087578195,0.8402282453637661,0.40393208221626453,0.8473609129814551
0.3865058087578195,0.8416547788873039,0.40482573726541554,0.8473609129814551
0.3896336014298481,0.8416547788873039,0.40482573726541554,0.8502139800285307
0.3896336014298481,0.8430813124108416,0.40795352993744416,0.8502139800285307
0.39186773905272565,0.8430813124108416,0.40795352993744416,0.8516405135520685
0.39186773905272565,0.8445078459343794,0.40884718498659517,0.8516405135520685
0.3967828418230563,0.8445078459343794,0.4097408400357462,0.8516405135520685
0.3967828418230563,0.8473609129814551,0.4110813226094727,0.8516405135520685
0.4008042895442359,0.8473609129814551,0.4110813226094727,0.8530670470756063
0.4008042895442359,0.8487874465049928,0.4168900804289544,0.8530670470756063
0.403485254691689,0.8487874465049928,0.4168900804289544,0.854493580599144
0.403485254691689,0.8502139800285307,0.41733690795352996,0.854493580599144
0.4066130473637176,0.8502139800285307,0.41733690795352996,0.8559201141226819
0.4066130473637176,0.8516405135520685,0.42001787310098304,0.8559201141226819
0.4070598748882931,0.8516405135520685,0.42001787310098304,0.8587731811697575
0.4070598748882931,0.8530670470756063,0.43118856121537086,0.8587731811697575
0.4092940125111707,0.8530670470756063,0.43118856121537086,0.8601997146932953
0.4092940125111707,0.854493580599144,0.4334226988382484,0.8601997146932953
0.41152815013404825,0.854493580599144,0.4334226988382484,0.8616262482168331
0.41152815013404825,0.8573466476462197,0.43476318141197495,0.8616262482168331
0.4128686327077748,0.8573466476462197,0.43476318141197495,0.8644793152639088
0.4128686327077748,0.8587731811697575,0.4361036639857015,0.8644793152639088
0.4231456657730116,0.8587731811697575,0.4361036639857015,0.8659058487874465
0.4231456657730116,0.8616262482168331,0.4387846291331546,0.8659058487874465
0.42403932082216267,0.8616262482168331,0.4392314566577301,0.8673323823109843
0.42403932082216267,0.8630527817403709,0.44414655942806075,0.8673323823109843
0.4249329758713137,0.8630527817403709,0.44414655942806075,0.8687589158345221
0.4249329758713137,0.8644793152639088,0.4495084897229669,0.8687589158345221
0.4298480786416443,0.8644793152639088,0.4495084897229669,0.8701854493580599
0.4298480786416443,0.8673323823109843,0.45352993744414655,0.8701854493580599
0.4325290437890974,0.8673323823109843,0.45352993744414655,0.8744650499286734
0.4325290437890974,0.8687589158345221,0.45621090259159963,0.8744650499286734
0.43386952636282394,0.8687589158345221,0.45621090259159963,0.8758915834522111
0.43386952636282394,0.8701854493580599,0.46112600536193027,0.8758915834522111
0.4383378016085791,0.8701854493580599,0.46112600536193027,0.8773181169757489
0.4383378016085791,0.8716119828815977,0.46604110813226096,0.8773181169757489
0.4445933869526363,0.8716119828815977,0.46604110813226096,0.8787446504992867
0.4445933869526363,0.8744650499286734,0.4673815907059875,0.8787446504992867
0.4539767649687221,0.8744650499286734,0.4673815907059875,0.8801711840228246
0.4539767649687221,0.8758915834522111,0.4691689008042895,0.8801711840228246
0.4548704200178731,0.8758915834522111,0.4691689008042895,0.8815977175463623
0.4548704200178731,0.8773181169757489,0.4709562109025916,0.8815977175463623
0.46112600536193027,0.8773181169757489,0.4709562109025916,0.8830242510699001
0.46112600536193027,0.8787446504992867,0.4740840035746202,0.8830242510699001
0.467828418230563,0.8787446504992867,0.4740840035746202,0.884450784593438
0.467828418230563,0.8801711840228246,0.48212689901697947,0.884450784593438
0.4691689008042895,0.8801711840228246,0.48212689901697947,0.8873038516405135
0.4691689008042895,0.8815977175463623,0.48480786416443256,0.8873038516405135
0.4772117962466488,0.8815977175463623,0.48480786416443256,0.8887303851640513
0.4772117962466488,0.8830242510699001,0.48927613941018766,0.8887303851640513
0.48168007149240394,0.8830242510699001,0.48927613941018766,0.8901569186875892
0.48168007149240394,0.884450784593438,0.4915102770330652,0.8901569186875892
0.484361036639857,0.884450784593438,0.4915102770330652,0.891583452211127
0.484361036639857,0.8858773181169758,0.4932975871313673,0.891583452211127
0.499106344950849,0.8858773181169758,0.4932975871313673,0.8944365192582026
0.499106344950849,0.8873038516405135,0.5008936550491511,0.8944365192582026
0.5044682752457551,0.8873038516405135,0.5008936550491511,0.8958630527817404
0.5044682752457551,0.8887303851640513,0.5058087578194816,0.8958630527817404
0.5125111706881144,0.8887303851640513,0.5058087578194816,0.8972895863052782
0.5125111706881144,0.8901569186875892,0.5084897229669347,0.8972895863052782
0.5138516532618409,0.8901569186875892,0.5084897229669347,0.8987161198288159
0.5138516532618409,0.891583452211127,0.515638963360143,0.8987161198288159
0.5214477211796247,0.891583452211127,0.515638963360143,0.9001426533523538
0.5214477211796247,0.8930099857346647,0.5192135835567471,0.9001426533523538
0.5223413762287757,0.8930099857346647,0.5192135835567471,0.9015691868758916
0.5223413762287757,0.8944365192582026,0.5254691689008043,0.9015691868758916
0.5303842716711349,0.8944365192582026,0.5254691689008043,0.9029957203994294
0.5303842716711349,0.8958630527817404,0.5317247542448614,0.9029957203994294
0.5308310991957105,0.8958630527817404,0.5317247542448614,0.9044222539229672
0.5308310991957105,0.8987161198288159,0.5352993744414656,0.9044222539229672
0.5344057193923145,0.8987161198288159,0.5352993744414656,0.905848787446505
0.5344057193923145,0.9001426533523538,0.5397676496872207,0.905848787446505
0.5357462019660411,0.9001426533523538,0.5397676496872207,0.9072753209700428
0.5357462019660411,0.9015691868758916,0.5415549597855228,0.9072753209700428
0.5370866845397676,0.9015691868758916,0.5415549597855228,0.9087018544935807
0.5370866845397676,0.9029957203994294,0.5424486148346738,0.9087018544935807
0.5393208221626452,0.9029957203994294,0.5424486148346738,0.9101283880171184
0.5393208221626452,0.905848787446505,0.5473637176050045,0.9101283880171184
0.5406613047363718,0.905848787446505,0.5473637176050045,0.9115549215406562
0.5406613047363718,0.9072753209700428,0.5518319928507596,0.9115549215406562
0.5411081322609472,0.9072753209700428,0.5518319928507596,0.912981455064194
0.5411081322609472,0.912981455064194,0.5589812332439679,0.912981455064194
0.5424486148346738,0.912981455064194,0.5589812332439679,0.9144079885877318
0.5424486148346738,0.9144079885877318,0.561662198391421,0.9144079885877318
0.5460232350312779,0.9144079885877318,0.561662198391421,0.9158345221112696
0.5460232350312779,0.9158345221112696,0.5705987488829312,0.9158345221112696
0.5500446827524575,0.9158345221112696,0.5705987488829312,0.9186875891583453
0.5500446827524575,0.9186875891583453,0.5714924039320822,0.9186875891583453
0.550491510277033,0.9186875891583453,0.5714924039320822,0.920114122681883
0.550491510277033,0.920114122681883,0.5804289544235925,0.920114122681883
0.5527256478999106,0.920114122681883,0.5804289544235925,0.9215406562054208
0.5527256478999106,0.9229671897289586,0.5853440571939231,0.9215406562054208
0.5545129579982127,0.9229671897289586,0.5853440571939231,0.9229671897289586
0.5545129579982127,0.9243937232524965,0.5857908847184986,0.9229671897289586
0.5554066130473637,0.9243937232524965,0.5857908847184986,0.9243937232524965
0.5554066130473637,0.9258202567760342,0.6009830205540662,0.9243937232524965
0.5567470956210903,0.9258202567760342,0.6009830205540662,0.9258202567760342
0.5567470956210903,0.927246790299572,0.6018766756032171,0.9258202567760342
0.5598748882931188,0.927246790299572,0.6018766756032171,0.927246790299572
0.5598748882931188,0.9286733238231099,0.6023235031277927,0.927246790299572
0.5603217158176944,0.9286733238231099,0.6023235031277927,0.9286733238231099
0.5603217158176944,0.9300998573466477,0.6067917783735478,0.9286733238231099
0.5647899910634495,0.9300998573466477,0.6067917783735478,0.9300998573466477
0.5647899910634495,0.9315263908701854,0.6099195710455764,0.9300998573466477
0.5674709562109026,0.9315263908701854,0.6099195710455764,0.9315263908701854
0.5674709562109026,0.9329529243937232,0.6134941912421805,0.9315263908701854
0.5683646112600537,0.9329529243937232,0.6134941912421805,0.9329529243937232
0.5683646112600537,0.9343794579172611,0.6210902591599643,0.9329529243937232
0.5723860589812333,0.9343794579172611,0.6210902591599643,0.9343794579172611
0.5723860589812333,0.9372325249643366,0.6215370866845398,0.9343794579172611
0.5759606791778373,0.9372325249643366,0.6215370866845398,0.9358059914407989
0.5759606791778373,0.9386590584878745,0.6291331546023236,0.9358059914407989
0.5795352993744415,0.9386590584878745,0.6291331546023236,0.9386590584878745
0.5795352993744415,0.9400855920114123,0.6340482573726541,0.9386590584878745
0.579982126899017,0.9400855920114123,0.6340482573726541,0.9400855920114123
0.579982126899017,0.9415121255349501,0.6398570151921358,0.9400855920114123
0.5857908847184986,0.9415121255349501,0.6398570151921358,0.9415121255349501
0.5857908847184986,0.9429386590584878,0.6425379803395889,0.9415121255349501
0.5902591599642538,0.9429386590584878,0.6425379803395889,0.9429386590584878
0.5902591599642538,0.9443651925820257,0.646112600536193,0.9429386590584878
0.5929401251117069,0.9443651925820257,0.646112600536193,0.9443651925820257
0.5929401251117069,0.9457917261055635,0.6523681858802503,0.9443651925820257
0.597408400357462,0.9457917261055635,0.6523681858802503,0.9457917261055635
0.597408400357462,0.948644793152639,0.6581769436997319,0.9457917261055635
0.6005361930294906,0.948644793152639,0.6581769436997319,0.9472182596291013
0.6005361930294906,0.9500713266761769,0.6599642537980339,0.9472182596291013
0.6058981233243967,0.9500713266761769,0.6599642537980339,0.948644793152639
0.6058981233243967,0.9514978601997147,0.6630920464700626,0.948644793152639
0.6157283288650581,0.9514978601997147,0.6630920464700626,0.9500713266761769
0.6157283288650581,0.9529243937232525,0.6769436997319035,0.9500713266761769
0.6179624664879356,0.9529243937232525,0.6769436997319035,0.9514978601997147
0.6179624664879356,0.9543509272467903,0.680071492403932,0.9514978601997147
0.6193029490616622,0.9543509272467903,0.680071492403932,0.9529243937232525
0.6193029490616622,0.9557774607703281,0.6827524575513851,0.9529243937232525
0.6206434316353887,0.9557774607703281,0.6827524575513851,0.9543509272467903
0.6206434316353887,0.9572039942938659,0.693029490616622,0.9543509272467903
0.6251117068811439,0.9572039942938659,0.693029490616622,0.9557774607703281
0.6251117068811439,0.9600570613409415,0.6961572832886506,0.9557774607703281
0.6268990169794459,0.9600570613409415,0.6961572832886506,0.9572039942938659
0.6268990169794459,0.9614835948644793,0.7015192135835567,0.9572039942938659
0.6376228775692583,0.9614835948644793,0.7015192135835567,0.9586305278174037
0.6376228775692583,0.9629101283880172,0.7024128686327078,0.9586305278174037
0.6398570151921358,0.9629101283880172,0.7024128686327078,0.9600570613409415
0.6398570151921358,0.9643366619115549,0.7158176943699732,0.9600570613409415
0.646112600536193,0.9643366619115549,0.7158176943699732,0.9629101283880172
0.646112600536193,0.9657631954350927,0.7189454870420018,0.9629101283880172
0.6501340482573726,0.9657631954350927,0.7189454870420018,0.9643366619115549
0.6501340482573726,0.9671897289586305,0.7198391420911529,0.9643366619115549
0.6541554959785523,0.9671897289586305,0.7207327971403038,0.9643366619115549
0.6541554959785523,0.9700427960057061,0.7211796246648794,0.9643366619115549
0.6662198391420912,0.9700427960057061,0.7211796246648794,0.9657631954350927
0.6662198391420912,0.9714693295292439,0.7265415549597856,0.9657631954350927
0.6706881143878463,0.9714693295292439,0.7265415549597856,0.9671897289586305
0.6706881143878463,0.9728958630527818,0.743521000893655,0.9671897289586305
0.6733690795352993,0.9728958630527818,0.743521000893655,0.9686162624821684
0.6733690795352993,0.9743223965763196,0.7560321715817694,0.9686162624821684
0.6747095621090259,0.9743223965763196,0.7560321715817694,0.9700427960057061
0.6747095621090259,0.9757489300998573,0.7569258266309205,0.9700427960057061
0.676496872207328,0.9757489300998573,0.7569258266309205,0.9714693295292439
0.676496872207328,0.9771754636233951,0.7609472743521001,0.9714693295292439
0.6894548704200179,0.9771754636233951,0.7609472743521001,0.9728958630527818
0.6894548704200179,0.978601997146933,0.7640750670241286,0.9728958630527818
0.7109025915996425,0.978601997146933,0.7640750670241286,0.9757489300998573
0.7122430741733691,0.978601997146933,0.7672028596961573,0.9757489300998573
0.7153708668453976,0.978601997146933,0.7672028596961573,0.9771754636233951
0.7153708668453976,0.9800285306704708,0.7734584450402144,0.9771754636233951
0.7216264521894549,0.9800285306704708,0.7734584450402144,0.978601997146933
0.7216264521894549,0.9814550641940085,0.774798927613941,0.978601997146933
0.7327971403038427,0.9814550641940085,0.774798927613941,0.9800285306704708
0.7327971403038427,0.9828815977175464,0.7783735478105451,0.9800285306704708
0.7350312779267203,0.9828815977175464,0.7783735478105451,0.9814550641940085
0.7350312779267203,0.9843081312410842,0.7792672028596962,0.9814550641940085
0.7493297587131368,0.9843081312410842,0.7792672028596962,0.9828815977175464
0.7493297587131368,0.985734664764622,0.7815013404825737,0.9828815977175464
0.7511170688114388,0.985734664764622,0.7815013404825737,0.9843081312410842
0.7520107238605898,0.985734664764622,0.7823949955317248,0.9843081312410842
0.7716711349419124,0.985734664764622,0.7823949955317248,0.985734664764622
0.7716711349419124,0.9871611982881597,0.7837354781054513,0.985734664764622
0.8042895442359249,0.9871611982881597,0.7837354781054513,0.9871611982881597
0.8042895442359249,0.9885877318116976,0.7868632707774799,0.9871611982881597
0.8489722966934763,0.9885877318116976,0.7868632707774799,0.9885877318116976
0.8489722966934763,0.9900142653352354,0.7931188561215371,0.9885877318116976
0.852100089365505,0.9900142653352354,0.7931188561215371,0.9900142653352354
0.852100089365505,0.9914407988587732,0.8029490616621984,0.9900142653352354
0.8596961572832886,0.9914407988587732,0.8029490616621984,0.9914407988587732
0.8596961572832886,0.992867332382311,0.8145665773011618,0.9914407988587732
0.8923145665773011,0.992867332382311,0.8145665773011618,0.992867332382311
0.8923145665773011,0.9942938659058488,0.8471849865951743,0.992867332382311
0.8936550491510277,0.9942938659058488,0.8471849865951743,0.9942938659058488
0.8936550491510277,0.9957203994293866,0.8561215370866846,0.9942938659058488
0.8972296693476318,0.9957203994293866,0.8561215370866846,0.9957203994293866
0.8972296693476318,0.9985734664764622,0.8771224307417337,0.9957203994293866
0.903485254691689,0.9985734664764622,0.8771224307417337,0.9971469329529244
0.903485254691689,1.0,0.8856121537086684,0.9971469329529244
0.9955317247542449,1.0,0.8856121537086684,0.9985734664764622
0.9964253798033958,1.0,0.886952636282395,0.9985734664764622
1.0,1.0,0.886952636282395,1.0
,,1.0,1.0
