y_actual,y_predicted,residual,pearson_residual,abs_pct_error
28044.34,45008.81661138331,-16964.476611383307,-63.83246022037317,60.491623662326546
1735.6585714285716,45991.69394010883,-44256.03536868026,-164.73380047765207,2549.812278589698
85.94,45081.289319330994,-44995.34931933099,-169.16845338121357,52356.70155844891
15593.23,49807.24814558605,-34214.018145586044,-122.3792318103241,219.41584999122082
4602.88,44874.025547717094,-40271.1455477171,-151.75617910169024,874.9119148819238
28781.733333333337,44084.02737326679,-15302.294039933455,-58.17894295293687,53.166686879873296
582.62,44802.23488275769,-44219.61488275769,-166.76888755986852,7589.786633270003
2373.38,42788.866975002245,-40415.48697500225,-155.96686324868915,1702.8662487676752
16071.865,43968.281641882655,-27896.416641882657,-106.20099591759961,173.57299007851708
203695.65,50375.62589814745,153320.02410185256,545.3038531615724,75.26916951925708
41649.23,45208.698366563964,-3559.4683665639604,-13.363617952250165,8.546300535601643
46412.46,45423.61663620422,988.8433637957787,3.7037064983248458,2.130555811512208
30768.25357142857,44391.26608908448,-13623.012517655909,-51.61480666845305,44.27619684695478
11204.6,43888.06825150944,-32683.46825150944,-124.53884062666516,291.6968767426721
43407.97,45020.64910545253,-1612.679105452531,-6.067251505127974,3.7151682178469323
30136.11,44842.197142977326,-14706.087142977325,-55.43749633335502,48.79888991305555
4817.38,43484.01964245885,-38666.63964245885,-148.02037649638416,802.6487352556545
31548.67,43509.7462376337,-11961.0762376337,-45.77484669649938,37.91309185976367
21225.145,45022.051449581595,-23796.906449581595,-89.52777236954168,112.11657894248353
8026.725714285714,42755.98203286169,-34729.25631857598,-134.0747376350576,432.6702762094628
19679.810833333333,43695.35754451646,-24015.546711183128,-91.71170010011976,122.03139000963361
24941.2475,44678.49723284046,-19737.24973284046,-74.5396368914232,79.13497403383877
72280.24,44465.22118066492,27815.018819335084,105.2977387315034,38.48218934986254
23558.31,45618.3248230618,-22060.014823061796,-82.44912451732267,93.64005662147156
21916.62,45762.74365958458,-23846.12365958458,-88.9839499210473,108.80383772490731
53146.525,43372.19228344198,9774.33271655802,37.46548389234164,18.39129221817987
12590.37,39939.90003547042,-27349.530035470416,-109.24367369589451,217.2257847503323
10791.5425,34339.58101096199,-23548.038510961993,-101.43951325246533,218.20827292263357
75671.95647058824,53608.32544805108,22063.631022537156,76.0695383241134,29.15694538849769
10546.46,37852.66568760154,-27306.20568760154,-112.03740415296545,258.9134713221455
5270.44,40048.65673099119,-34778.21673099119,-138.72771970317095,659.8731174435378
89640.312,40437.98080200398,49202.33119799603,195.3173684652424,54.88862109047103
22430.3825,30379.246224803333,-7948.863724803334,-36.40545554105229,35.437932120878166
4583.522857142858,32405.33355948213,-27821.810702339273,-123.37496954422662,606.9962247266292
807.145,36894.01713388055,-36086.872133880555,-149.9757986740614,4470.928040671819
1174.61375,34547.75462455047,-33373.140874550474,-143.3299943297484,2841.2012778286035
16885.0,52735.40457920989,-35850.40457920989,-124.62146008079179,212.3210220859336
19153.7,58418.065119085404,-39264.3651190854,-129.68056992313697,204.99624155690753
50039.74,43109.927581193115,6929.812418806883,26.642976854156508,13.84861795606229
1699.74,42293.97036214331,-40594.23036214331,-157.5705310760345,2388.2611671281084
18008.565,51787.04098878445,-33778.475988784456,-118.48937752103822,187.56894837975406
2182.5733333333333,42649.56268771756,-40466.989354384226,-156.42044572513953,1854.0952890953292
40575.956666666665,43064.87044791325,-2488.913781246585,-9.574105197160625,6.133962044796936
201610.69,57414.51282313599,144196.177176864,480.388740774786,71.52208902060899
11122.984857142856,74652.77241008339,-63529.78755294053,-185.61127232192226,571.1577276143063
54520.99714285714,40963.37273640162,13557.624406455514,53.47313664113949,24.86679466065436
32597.163636363635,80237.25353600527,-47640.089899641636,-134.2562338410855,146.1479606970986
25244.703666666665,66873.29812436744,-41628.594457700776,-128.50359910961868,164.90030941685225
66024.263,36158.16420184717,29866.098798152838,125.37912258142494,45.23503548711
14299.815,95484.5533994185,-81184.7383994185,-209.7286446088792,567.7327881473886
18010.61357142857,86629.09103284952,-68618.47746142096,-186.10545964222194,380.9891161635659
29239.456666666665,91521.92960164805,-62282.472934981386,-164.34374494703258,213.00831149158856
7390.785,56540.83596723514,-49150.05096723515,-165.00335509311407,665.0180050865388
34255.77,65312.80597932139,-31057.035979321394,-97.00871439659332,90.66220370851799
6929.856363636363,63582.3787782649,-56652.52241462854,-179.3497520037329,817.5136603394299
2098.8419999999996,41444.65069259515,-39345.80869259515,-154.28160540505812,1874.643669823415
46151.463333333326,75631.4961711741,-29480.03283784078,-85.5709852055951,63.87670229417959
2979.366666666667,75703.91943702198,-72724.55277035531,-210.99481929321095,2440.9400019138957
6494.198,43440.25877607608,-36946.060776076076,-141.50502213769403,568.9087517207832
18652.48534759358,59441.38666948754,-40788.90132189396,-133.5510960117133,218.67810407987412
33417.310316455696,27199.520442375957,6217.789874079739,30.09576124856384,18.606494104996568
77195.636,90748.18298273202,-13552.54698273202,-35.913015061265604,17.556105092173887
22674.885,81760.75522701466,-59085.87022701466,-164.95333643494325,260.5784780254218
266054.2,90209.07981732483,175845.1201826752,467.3638418259864,66.09372082180066
48955.01645320197,89496.96419104832,-40541.94773784635,-108.18084581416478,82.81469535732256
3183.11,82413.51895402702,-79230.40895402702,-220.31424756003696,2489.0879973996193
77625.91811764706,91136.99597783368,-13511.077860186619,-35.7266715331442,17.40536947944334
91345.3675,56303.029913788705,35042.33758621129,117.89003616716454,38.36246822939465
13339.93,93296.23382346581,-79956.3038234658,-208.9635648046607,599.3757375298505
7003.95,30860.49917317044,-23856.54917317044,-108.40668531999532,340.61564079084576
27689.032272727272,60464.74977737387,-32775.7175046466,-106.40229440012389,118.37075843538791
4489.736666666667,35874.134729943464,-31384.398063276796,-132.2735475097738,699.0253636986163
19573.148571428577,83587.3667409735,-64014.218169544925,-176.74862295531778,327.0512045414508
26759.803999999996,31552.602964698286,-4792.79896469829,-21.53880138930058,17.910441215108637
44850.89283783783,53447.66155749244,-8596.76871965461,-29.683889334527557,19.167441662169242
22770.205,34413.28883239675,-11643.083832396747,-50.10197545504161,51.13297764511451
18935.935096153848,85964.59853993735,-67028.6634437835,-182.49486762038427,353.97598852880503
53035.94638888889,94395.83699549874,-41359.89060660985,-107.46149440509761,77.98463763300508
29583.701875,68515.30912723376,-38931.60725223376,-118.72944505699147,131.59815974596913
96071.11875,33312.98543009076,62758.13331990923,274.4815485154974,65.32466170527367
18976.458644067796,59579.07518589693,-40602.616541829135,-132.78745825264264,213.9630860709717
92708.22568075116,54273.63890609882,38434.586774652336,131.69753942812437,41.45757994226443
32495.675531914894,90029.06670332246,-57533.391171407566,-153.06592291306399,177.04937727760864
38136.00126213592,92652.1712160908,-54516.169953954886,-142.97083427596056,142.95198277141432
24433.59,96211.25597674682,-71777.66597674682,-184.72526795671345,293.76635188176124
31126.724765625,92481.67264109444,-61354.94787546944,-161.05405678236173,197.1134076503519
75259.0005,57446.4277816481,17812.572718351897,59.325997829065955,23.668362056378754
18459.562352941175,91762.2444720837,-73302.68211914253,-193.1691491683316,397.09869994541424
50597.36135483871,92818.15702525558,-42220.795670416876,-110.62667469987794,83.44465904916053
16780.43857142857,57970.97272346866,-41190.53415204008,-136.56582894198783,245.4675661586919
25447.7,51990.252359240956,-26542.552359240955,-92.92480002536314,104.30236272527951
36071.21523809524,74933.68553523209,-38862.470297136846,-113.3291865622705,107.7381786020165
6036.9834210526315,90692.79529315903,-84655.8118721064,-224.39868127511525,1402.2866383380838
25367.913999999997,88848.64050559216,-63480.72650559217,-170.00684591057856,250.24023065354203
28411.146666666667,57078.22213838352,-28667.075471716853,-95.78512852211159,100.90080420918193
80288.90000000001,66476.26150422296,13812.63849577705,42.76547173531139,17.20367136151703
17683.190000000002,43112.48908904941,-25429.29908904941,-97.76485404963879,143.80493049641728
29856.96112149533,88401.51111289128,-58544.54999139595,-157.18335085141803,196.0834183799341
10557.093333333332,77982.89698781617,-67425.80365448284,-192.7420014124943,638.677726203199
20676.188507462684,75505.52681599984,-54829.33830853715,-159.284511848895,265.1810718825064
33732.155999999995,48866.31367784195,-15134.157677841955,-54.65166283695156,44.86566965314033
6879.498333333333,66953.42063055404,-60073.922297220706,-185.3316186050801,873.2311483548685
12834.74,64334.9276921778,-51500.1876921778,-162.08219832640432,401.2561819887104
4612.078709677419,34662.87898169256,-30050.800272015138,-128.84680140369122,651.5673769608535
15431.44222222222,37289.87780656057,-21858.435584338353,-90.35943593020556,141.64868888833263
3843.455416666666,34347.5990662804,-30504.143649613736,-131.38946982699744,793.6645633337208
18819.528571428575,35217.077970458944,-16397.54939903037,-69.75128352366829,87.13050030341778
5435.51,34411.32359483817,-28975.813594838168,-124.69093038947966,533.0836222330225
22887.212,36727.85503720487,-13840.64303720487,-57.65120647871666,60.47325920345769
202.77,37706.375669389825,-37503.60566938983,-154.1755632706273,18495.63824500164
4414.15,39660.21331728962,-35246.06331728962,-141.28075573276004,798.4790575148018
59039.206666666665,49174.14291069391,9865.063755972755,35.51251351438708,16.709343354951507
10594.483333333334,28302.771771752952,-17708.28843841962,-84.02567651917185,167.1463145607505
10321.803846153847,39134.740141586,-28812.936295432155,-116.26693048400445,279.14632679411505
6033.987368421052,37426.05767273897,-31392.070304317916,-129.53371830171082,520.2541601032959
56832.5,40162.11489785032,16670.38510214968,66.40293271599667,29.332485993313124
21578.217083333333,36757.092103105344,-15178.875019772011,-63.20026902971817,70.34350873917164
2463.4565217391305,37530.99482396776,-35067.53830222863,-144.49744136074526,1423.5095278836886
19554.98180327869,40670.990585989144,-21116.008782710454,-83.58327310113594,107.98275853762253
9295.1376984127,34602.46479802232,-25307.327099609625,-108.60321347415622,272.26414412269844
67246.07952994897,43311.95052054132,23934.129009407647,91.80443701216946,35.59185781045905
53510.10899236641,43954.77131355085,9555.337678815558,36.382533847863506,17.85707011020795
24028.691350364963,37891.050650534904,-13862.359300169941,-56.84846500023737,57.69086255277648
36992.91549019608,38688.82831783601,-1695.9128276399279,-6.882728708071426,4.584425977696679
63265.95633915692,40693.573880849246,22572.38245830767,89.32322582229652,35.67856042087053
98937.73605633804,37771.23820963043,61166.49784670761,251.2366069037043,61.82322366046219
96298.2532602586,39945.85970817476,56352.39355208384,225.07455298404133,58.518604070402134
49420.65589743589,37661.48707570569,11759.1688217302,48.37019168398495,23.794036336009665
2449.632,38664.88196781173,-36215.24996781173,-147.02224767828744,1478.395529116689
47453.3325,43458.01873155359,3995.313768446409,15.299098674462316,8.41945877762412
116954.33553021665,38702.79346309119,78251.54206712545,317.52042246689274,66.90777363008331
5748.733191489361,39733.93132530671,-33985.19813381735,-136.10025940409935,591.17716898273
69100.85523602822,41792.831167687356,27308.024068340863,106.63242744604351,39.51908261491797
9247.196666666669,45302.159876374506,-36054.963209707836,-135.22454154149315,389.90155080917674
72218.95673333333,37199.91555829003,35019.0411750433,144.93830864548806,48.49009561900793
63417.927619047616,42691.76575720322,20726.161861844397,80.07496208734062,32.68186558593769
40766.39623376623,38500.58335951355,2265.8128742526824,9.218076336930954,5.558040650097841
58497.7964556962,40717.195793965046,17780.600661731158,70.34081778664562,30.395334079288688
40953.13464150943,35819.10512587376,5134.029515635673,21.654637124397393,12.536352981468493
6287.155238095239,36773.41441936678,-30486.259181271544,-126.9074373984786,484.89750971232075
16353.00247311828,41332.07322320115,-24979.070750082872,-98.08048352605783,152.74914066174986
3578.5714285714284,37414.30278480211,-33835.73135623068,-139.6389758898425,945.5094590563464
1352.345625,36834.116883411516,-35481.771258411514,-147.58087332872455,2623.7206378666338
43189.05065420561,37483.958876174314,5705.091778031296,23.522843767724382,13.209579028974911
4411.303333333333,38273.16542389563,-33861.862090562296,-138.16993730877215,767.6158162756652
27495.523285714287,41475.25419862294,-13979.730912908653,-54.79667401295734,50.843661957770536
11260.85,39864.67762821258,-28603.82762821258,-114.36152531111723,254.01126582995582
28477.092368421057,38332.76787269342,-9855.67550427236,-40.183820165678874,34.60913557032093
58520.43,41117.670121430994,17402.759878569006,68.50997263803389,29.737922087327462
8586.444,39915.97773325533,-31329.533733255328,-125.17870685210805,364.8720440412274
50117.64,39640.33081308487,10477.309186915132,42.00790665809354,20.905432073248324
26528.499,37909.57348405786,-11381.074484057859,-46.66150386365582,42.90131335383076
79868.24555555555,37029.05821620948,42839.18733934607,177.71324848652097,53.63732111724874
4928.389999999999,40527.11425820938,-35598.72425820938,-141.15995437625713,722.3195456976698
34876.905,36968.41434641917,-2091.509346419174,-8.683490095462131,5.996831847376292
56538.20532646048,37891.72238443302,18646.482942027455,76.4671088094109,32.980323366049085
76585.94652462122,39855.164174426485,36730.782350194735,146.87158871596594,47.960212045412725
35540.0203030303,37571.3151723868,-2031.2948693564977,-8.365553633312661,5.715514093792739
3849.909196428572,35221.056770489966,-31371.147574061393,-133.43787884117776,814.8542205401448
64787.71845679013,36159.43258095773,28628.2858758324,120.1806246806271,44.187828430670706
104310.4192661534,38033.11201710481,66277.3072490486,271.2900335407455,63.538530201799524
23497.29533333333,37650.23656315231,-14152.941229818982,-58.225437945143156,60.232214086961655
59644.44485714286,47307.07639769324,12337.368459449615,45.28031045240818,20.68485755714453
10409.29,36499.02828263381,-26089.738282633807,-109.0131744740146,250.63898001337083
18051.73,46525.97328332491,-28474.243283324908,-105.3790727962566,157.73692207519673
15133.362456140352,37219.02802040763,-22085.66556426728,-91.38562639771676,145.94024050026
11886.293333333331,38002.656577641,-26116.363244307668,-106.9438062534024,219.7183134549459
30278.17287671233,40735.0301040673,-10456.857227354969,-41.358718415427205,34.53595852673656
117123.1370438791,37377.794861238275,79745.34218264083,329.267148776662,68.08675398846682
13945.9818,38164.76617719041,-24218.784377190408,-98.96256719647523,173.6613794891831
56992.95042111019,40142.356323591615,16850.594097518573,67.13727372218885,29.566102426725944
16829.17,39574.715481015504,-22745.545481015506,-91.27195879242795,135.15547992572127
6640.1,38018.96598491583,-31378.86598491583,-128.4656471542604,472.56616594502833
29361.7368,41170.61725764482,-11808.880457644824,-46.458475243336224,40.218603341083096
73996.47238636365,37681.92220045698,36314.550185906664,149.33584371950246,49.076055945335646
84422.57682692308,39851.401465838746,44571.17536108433,178.23057264288232,52.79532683829452
29675.38,45388.34887820877,-15712.968878208772,-58.87568503247066,52.94951194629613
13982.743888888888,37470.17459272122,-23487.43070383233,-96.85957711632797,167.97440395440665
53876.8483768116,38468.4724484878,15408.375928323796,62.712528335233664,28.599252540828846
93443.69862975666,40683.23614615532,52760.46248360134,208.80974508270404,56.46230110459267
4171.81,36533.56210863548,-32361.75210863548,-135.15618746027158,775.7244962890322
76771.0957894737,37506.90629806057,39264.189491413126,161.84188586272407,51.14449531772445
3923.09125,39450.408007796475,-35527.31675779648,-142.7863111052672,905.5949630994812
36341.07188679245,37944.72968567987,-1603.6577988874196,-6.571823396215246,4.412797189590442
12687.17,47677.10351884121,-34989.933518841215,-127.91989694448075,275.78990049665305
26519.265689655174,33150.390964703874,-6631.1252750487,-29.07319896886156,25.004935478418684
61173.13674391657,41881.02955707832,19292.10718683825,75.25249554180152,31.536893829065864
49857.259596491225,40112.56043044293,9744.699166048296,38.83990502836125,19.545196115700858
9559.410454545456,43196.77482910073,-33637.364374555276,-129.19515091398685,351.8769754107678
15254.32,38313.688122634165,-23059.368122634165,-94.04167109344256,151.16614914748192
486.3975,39334.45925901327,-38848.06175901327,-156.36252629343403,7986.895853497041
44351.0311627907,44210.60094523999,140.43021755071095,0.5331473743183848,0.3166334893889188
12141.7608,37793.07321126196,-25651.31241126196,-105.33031932664484,211.26517672183067
65881.0699779978,35635.660361032795,30245.409616965007,127.89895032548634,45.90910503892244
17022.787500000002,36187.90538317768,-19165.117883177674,-80.42289214270798,112.58507387922026
37241.58103773585,39215.532816784726,-1973.9517790488753,-7.957147239826246,5.3003973624232685
53358.37304785894,37237.49846077016,16120.87458708878,66.68808790525685,30.2124552647612
11693.836666666664,38021.51590415411,-26327.67923748745,-107.78238248184041,225.14149964600261
3600.7322727272726,41202.55065595418,-37601.81838322691,-147.87566532245262,1044.2825385278222
15544.863968253969,35673.170805005364,-20128.306836751395,-85.07193335721578,129.48525556645478
10484.69254901961,44822.91668445894,-34338.22413543933,-129.4725464175453,327.50816463998456
8100.740666666667,36602.42266206768,-28501.681995401013,-118.92289954411193,351.8404448210663
65646.81591911765,37577.601466452135,28069.214452665517,115.58877088960321,42.75792216220986
101800.49645659688,39524.766399689994,62275.73005690689,250.05416154051213,61.17428914844088
1504.6192424242424,36387.44941656343,-34882.83017413919,-145.97746630260096,2318.382564211792
63666.081726296965,37356.900803545475,26309.18092275149,108.66053102039263,41.32370048443646
126480.89957300642,39292.62965319134,87188.26991981508,351.1174613063478,68.93394197397282
14759.838630136986,36626.738197352286,-21866.8995672153,-91.20906492176138,148.15134579159252
4295.105,37194.34193029762,-32899.236930297615,-136.17497384121864,765.9704926956994
70017.66658227849,40086.78792645696,29930.87865582153,119.33525134550715,42.74760944889451
24282.692786885247,36774.6850899275,-12491.992303042254,-52.00045478624278,51.44401575507725
19174.78702702703,42434.72782347928,-23259.940796452254,-90.13590211434405,121.30481951985786
31142.74881118881,38633.39948794633,-7490.650676757519,-30.42201646998813,24.052631712671158
5119.41,39446.80694945123,-34327.39694945123,-137.97006214138128,670.5342402630621
8766.253802816902,42747.087350423964,-33980.833547607064,-131.19904648448903,387.6323263272145
18802.756333333335,37001.53533311465,-18198.778999781312,-75.52353224698874,96.78782555682382
25100.32875,46491.99098389508,-21391.662233895076,-79.19638812141716,85.22462971284818
16887.233,38257.31709260919,-21370.08409260919,-87.21654751156953,126.5457999697712
20327.31090909091,42881.785467894166,-22554.474558803257,-86.94531780766306,110.95650900245886
44231.84145896656,37848.652258770366,6383.189200196197,26.191623711968667,14.43120835499878
61486.46698630137,38857.0336929184,22629.433293382972,91.64077879237011,36.80392516035212
93426.07084162204,40870.49518231228,52555.57565930976,207.52181770739116,56.25365081274064
67427.76700325732,36869.32187357118,30558.445129686144,127.04237175655408,45.32026861902444
63727.7425,37645.58753773945,26082.154962260553,107.30904904278287,40.92747356029527
21400.93493670886,40795.17059253809,-19394.235655829227,-76.65106735710361,90.62331021137979
20846.09138888889,40759.19118015965,-19913.09979127076,-78.73648206024208,95.52438114074747
58064.4046,45583.578752667716,12480.825847332286,46.664759205187636,21.494796912689406
5762.345,37705.98177772741,-31943.636777727406,-131.31947792819878,554.3513409510782
56995.3115625,38499.86290980176,18495.448652698236,75.2463077215692,32.45082471812874
124989.957628866,46106.03814629271,78883.91948257328,293.2644995616573,63.11220595562096
13431.76,40713.12068493816,-27281.36068493816,-107.93163257882824,203.1108409094427
66722.41178553861,36475.22048684167,30247.191298696947,126.42588583110114,45.33288064573935
13769.500212765955,37243.1885377322,-23473.68832496625,-97.09744927635995,170.47596472095162
67669.90421623513,40359.10525459894,27310.79896163619,108.52094220635956,40.358855650757484
31615.7325,42093.38195024481,-10477.649450244811,-40.76682314666336,33.14061899481472
15069.22,39897.65674807312,-24828.436748073116,-99.22602564053149,164.76258723459554
25507.046666666665,39493.924324501124,-13986.877657834459,-56.18308033784826,54.83534742621893
288747.17,39223.39392473893,249523.77607526106,1005.7482009453913,86.41600749723749
51082.97666666666,40655.10094125592,10427.87572541074,41.28461511333759,20.413602350262558
5441.07,36805.687982119816,-31364.617982119817,-130.506591563547,576.4420965383613
27737.503333333338,36882.22343450463,-9144.720101171293,-38.01121792869947,32.96879315804063
64849.08285714286,40007.497815368646,24841.58504177421,99.14219343095705,38.30676386973453
2156.285,40690.602419027884,-38534.31741902788,-152.4932168085452,1787.0697713441352
19552.465,36637.321983718364,-17084.856983718364,-71.25238440262511,87.3795553845429
4260.95,40579.2710685128,-36318.3210685128,-143.9207979004689,852.3526694402142
221578.06,36737.03803238928,184841.02196761072,769.8324388679794,83.42027273260301
35736.83814814815,38372.55625645699,-2635.7181083088435,-10.740846493926947,7.375353402509741
63535.00111111111,40558.102566522575,22976.898544588534,91.07569775909342,36.16415856262619
46514.177599999995,36717.87386205732,9796.303737942675,40.81063896582191,21.060898511817776
60550.08,37137.67341460503,23412.406585394972,96.98143956205011,38.666186048631104
63389.57210526316,42386.33419850323,21003.237906759932,81.4372758823304,33.133585239986274
1535.436,37419.366192656395,-35883.93019265639,-148.0818067882434,2337.0515080183345
18447.8,40347.38651097378,-21899.586510973782,-87.03183207112275,118.71110111218563
25510.612500000003,36527.10937706544,-11016.496877065438,-46.0135539636363,43.183976382634626
23857.263333333332,36633.967470850315,-12776.704137516983,-53.287675460102506,53.55477683672708
16935.959779005527,37036.734745214555,-20100.77496620903,-83.37702044220056,118.68695502646818
10083.8225,39344.55424237794,-29260.73174237794,-117.75864048763151,290.17499804640494
33280.45290322581,39388.53642028876,-6108.083517062951,-24.56800885036563,18.35336656873112
50790.69935483871,40294.307051490294,10496.392303348417,41.74150691445942,20.66597317358744
5703.94,40585.68486300836,-34881.74486300836,-138.21706828156664,611.537724152224
3791.67,36742.84453916259,-32951.17453916259,-137.2253752629313,869.0412018757589
19558.174,36651.32995243801,-17093.155952438014,-71.2733711642561,87.39648165742882
30508.20138888889,44118.88625745596,-13610.68486856707,-51.72703957076633,44.61319989032225
7289.7,36816.32144027036,-29526.62144027036,-122.84103717016693,405.0457692397542
23437.9525,39567.89750722952,-16129.945007229522,-64.73085073878215,68.81977001715283
26125.618725490196,39805.88057215682,-13680.261846666624,-54.735703890076046,52.363398510899536
18888.65,42535.41786729334,-23646.76786729334,-91.52639383944181,125.19035435191684
19307.58,39696.08883581906,-20388.508835819055,-81.68861249166554,105.59846876625167
7418.665,40823.52880044936,-33404.86380044936,-131.97885286985417,450.2813349901817
600.17,40082.53826504411,-39482.36826504411,-157.4256525724667,6578.530793782447
50710.56,37709.87142821148,13000.688571788516,53.44274345625806,25.637043984110047
24567.0515625,37731.937996059765,-13164.886433559765,-54.10189487055517,53.58757195615246
360.045,39403.87474264189,-39043.829742641894,-157.0120053880332,10844.152742752127
41597.85333333333,36989.976694853096,4607.876638480237,19.125320864098413,11.0771981466357
11352.555454545454,41992.533269916494,-30639.97781537104,-119.35821744210809,269.8949847728168
140000.0,39994.457432914474,100005.54256708553,399.18487792288397,71.43253040506109
42096.68,43227.65720065854,-1130.9772006585408,-4.342330907858246,2.6866185187490816
68861.91817204302,41483.25769006162,27378.660481981402,107.3064146143351,39.7587828058742
6244.83,43697.804240048805,-37452.9742400488,-143.023176602643,599.7436958259681
944.4966666666668,41932.08305505653,-40987.586388389864,-159.78243729518385,4339.622132605711
2113.4376923076925,40347.3973071551,-38233.95961484741,-151.94675505627512,1809.0885647591158
31259.09,40201.25523338746,-8942.165233387463,-35.601869085261534,28.606607656804666
7966.993076923077,39290.531210324996,-31323.53813340192,-126.14695639382515,393.16637821780745
10558.313333333334,40771.246474318345,-30212.933140985013,-119.44440468753857,286.15302640811643
1314.52,44586.3452386732,-43271.825238673206,-163.58903568956603,3291.834680238658
37971.860625,40709.35755050039,-2737.496925500389,-10.830697617427584,7.209277819001763
5183.71,40706.95577789002,-35523.24577789002,-140.54915635801612,685.2861324782833
12342.36,42379.93998504838,-30037.57998504838,-116.47552770793976,243.36982542275854
751.46,40395.57953624054,-39644.11953624054,-157.45692673435937,5275.612745354449
9142.7,39266.94283743817,-30124.242837438167,-121.35355684943171,329.48956913644946
314.95,38756.84810821937,-38441.89810821937,-155.87645235324564,12205.71459222714
66444.695,42568.884233252335,23875.810766747672,92.37658641411836,35.933358963793374
6090.33,40432.59648010999,-34342.26648010999,-136.3367864671708,563.8818665016508
10341.585,36405.016584046374,-26063.431584046375,-109.04377905158725,252.02550270627157
27459.36611111111,37017.6124734242,-9558.246362313086,-39.65737217422868,34.80869268298751
27970.935384615383,37098.13077125787,-9127.195386642488,-37.82781434422885,32.630998074031666
36352.52875,40715.571252564,-4363.042502564,-17.260727354672255,12.00203301555466
49945.22486486486,36659.803616808975,13285.421248055885,55.389848523112455,26.599982849214932
2150.835,38870.952279493154,-36720.117279493155,-148.6761767710417,1707.249383587916
60370.0025,42997.66609948294,17372.33640051706,66.87837378648362,28.776438100225455
22800.87,39751.1361966605,-16950.266196660505,-67.86590813839635,74.34043611783456
29384.97,40023.28540940698,-10638.315409406976,-42.448896962146435,36.20325428069852
7787.774285714286,39892.34317404557,-32104.568888331283,-128.3133915783925,412.24318669871013
52761.6225,42436.82059753795,10324.801902462044,40.00923279752791,19.568772553311916
15444.825,42871.091832457285,-27426.266832457284,-105.7387909063889,177.57576944029657
7713.236666666667,43303.15788384209,-35589.921217175426,-136.526563127775,461.41357714304235
12012.4059375,39383.852510788165,-27371.446573288165,-110.1003164803814,227.85982022003378
50023.55875,40251.34954598405,9772.209204015948,38.882344873051956,19.535213903620857
59667.95333333333,37547.663723529215,22120.289609804116,91.12745972059388,37.072311641443015
27525.285,37191.13158698194,-9665.846586981937,-40.010144216380816,35.1162452522542
1283.76,40657.13906393931,-39373.379063939305,-155.87777410503537,3067.035821644178
834.9516666666667,36807.53312592262,-35972.581459255955,-149.67634315522577,4308.342973057037
41093.1675,36966.197104708066,4126.970395291937,17.134793749939256,10.042960049969224
31168.36857142857,43889.32505476389,-12720.956483335318,-48.471920929969265,40.81367446031926
7698.18,40072.94647588134,-32374.76647588134,-129.10139096596862,420.5509156174751
2248.3,41331.19909425684,-39082.899094256834,-153.46087989131584,1738.3311432752225
15491.826666666666,40680.112991072885,-25188.286324406217,-99.6913463686599,162.59080911745002
8346.23,40929.52208250212,-32583.292082502117,-128.56612070461475,390.39532917858867
17177.86,36852.44233383768,-19674.58233383768,-81.81299642936912,114.5345365129165
13644.11,41653.08937101568,-28008.97937101568,-109.55282720834042,205.28256787006026
283252.7733333333,39928.6658123211,243324.10752101222,972.0590655028712,85.9035216699069
6869.265833333334,45302.02934225679,-38432.76350892346,-144.1427157441913,559.4886621278687
48270.739850746264,62222.561528308506,-13951.821677562242,-44.64850164609278,28.903268772555485
4247.061666666667,48176.18452536711,-43929.122858700444,-159.7666930797529,1034.3415355487055
165109.0643478261,26275.532085362272,138833.53226246382,683.7046424042887,84.0859542211389
5363.69129032258,35134.09034104628,-29770.399050723696,-126.7856829638001,555.0356543531285
3583.8282926829265,33859.84052872023,-30276.012236037306,-131.34275845255885,844.7952793344368
6154.29,36170.316087892475,-30016.026087892475,-125.98735469195734,487.7252467448312
17629.596326530613,33633.355480507365,-16003.759153976753,-69.66053785040167,90.77779693623981
11606.93342105263,41937.41927869489,-30330.485857642263,-118.23020200647274,261.31351630421943
178898.46000000002,36028.17840889974,142870.28159110027,600.8563614476948,79.86110198550634
50000.0,42568.29158007196,7431.708419928043,28.753814508150175,14.863416839856086
28588.906666666662,42219.42250175024,-13630.515835083577,-52.95488906287764,47.67763942150375
31205.4988,41253.961528400054,-10048.462728400053,-39.49268957215851,32.20093610040309
48.35,35396.2121970766,-35347.8621970766,-149.98045728287033,73108.29823593919
3850.41,35646.01783006128,-31795.607830061283,-134.4347478341096,825.7720042816553
15251.43,49214.20123836391,-33962.77123836391,-122.21030125238093,222.68581528659217
4391.185,50097.28466455421,-45706.09966455421,-163.0110271133765,1040.8602612860586
49129.37733333334,56358.38240572263,-7229.005072389293,-24.307997604942393,14.714220828287502
92265.90169491526,56484.82832645757,35781.073368457684,120.1814316172654,38.78038659045541
11262.815,48626.17173397188,-37363.35673397188,-135.2573149567189,331.74083685092825
9723.96625,47852.62617489937,-38128.65992489937,-139.1389008991232,392.11016312298875
15163.465833333334,49452.49437117143,-34289.028537838094,-123.0866622687538,226.12923005017552
25572.716,52656.89093756286,-27084.174937562857,-94.21887598136883,105.91043570641013
5248.236,48502.97522241049,-43254.73922241049,-156.78316360053432,824.1767180898589
28222.203333333335,50124.58669257907,-21902.383359245734,-78.09368009332097,77.60692211219653
18638.705,50306.26500422198,-31667.56000422198,-112.70767218963643,169.902147194357
6519.790000000001,49884.296576082,-43364.506576082,-154.98954310629708,665.1212167275633
49002.97,53760.33791196517,-4757.3679119651715,-16.378934992916328,9.708325662638757
98286.57333333336,49813.246038161786,48473.32729517158,173.37254528391819,49.31836124836403
7541.110000000001,47998.647594226524,-40457.537594226524,-147.41268652627218,536.4931368754271
32417.77,50517.86429332058,-18100.094293320577,-64.28479474172524,55.83386609665185
57392.986666666664,56557.639058942164,835.3476077244995,2.8039580533603536,1.4554872576611562
18200.960000000003,49925.43609490001,-31724.47609490001,-113.34006057451332,174.3011143088057
1830.64,49830.40699555023,-47999.76699555023,-171.64921720441373,2622.021096204072
8171.9,49607.813302001116,-41435.913302001114,-148.50866324348522,507.05360200199607
121940.31,50254.05524361851,71686.25475638149,255.27027723667598,58.787987956059396
10676.19,50137.35126530041,-39461.161265300405,-140.68217802614134,369.61838694609594
29869.67,50861.30391788092,-20991.63391788092,-74.30232681825954,70.2774216048618
58601.948333333334,50622.837062669125,7979.111270664209,28.309434639147735,13.615778139795424
11813.8875,46077.66895979909,-34263.781459799095,-127.42069114537091,290.02969141020765
45330.335,52829.06159798063,-7498.7265979806325,-26.04359820808264,16.542402781670667
22505.825555555555,48149.19147301569,-25643.365917460138,-93.28900163189782,113.94101431275905
11635.252916666666,49758.974807212355,-38123.72189054569,-136.42987962562987,327.6570106691552
151506.5428,50641.51185421029,100865.03094578971,357.79742437170455,66.57470303374232
8000.0,49866.69104986729,-41866.69104986729,-149.66259707324872,523.3336381233411
31208.899523809523,49776.772311493405,-18567.872787683882,-66.43526950535346,59.495442232810234
2368.61,56546.88421188684,-54178.27421188684,-181.8740518181543,2287.3446541172602
72772.6425,49939.737667648624,22832.904832351378,81.5620162792887,31.375670922423048
1529.14,45576.339224418734,-44047.199224418735,-164.7018564510277,2880.5210264867005
5625.495,46671.21332381489,-41045.71832381489,-151.66774506261106,729.6374509943549
9184.28,49943.41243978015,-40759.13243978015,-145.5914060567478,443.79235432478265
10793.38,41353.97463778031,-30560.594637780312,-119.96459356499801,283.14202444257785
1715.05,39480.247045422875,-37765.19704542287,-151.72311111117514,2201.9881079515394
12221.81,40817.093009629425,-28595.283009629427,-112.98564749249283,233.9692975887322
64044.036,50011.915465381935,14032.120534618065,50.08832140415666,21.910112808346533
61805.69,49008.24180219293,12797.448197807069,46.14649648775742,20.705938559713626
61512.065,43894.13893941351,17617.92606058649,67.12764806242146,28.641415404581995
6080.74,40003.53516465509,-33922.795164655094,-135.39179904549934,557.872810951547
3562.49,48969.178051957286,-45406.68805195729,-163.79790158555596,1274.577277464843
37160.08,44259.02287669697,-7098.942876696965,-26.93659433766069,19.10368028458756
64641.912916666675,46023.38746851249,18618.525448154185,69.27968548221565,28.8025595284538
29827.053333333333,44570.12519484169,-14743.071861508357,-55.74629010889952,49.42852281365717
7640.44,44282.89127191788,-36642.451271917875,-139.00052796665074,479.5856164293925
107929.51,48869.82000718349,59059.68999281651,213.26555067778864,54.7206134752363
12820.49,44588.612992028335,-31768.122992028337,-120.09626169845144,247.79180040722574
5936.74,45840.36604607615,-39903.626046076155,-148.7778363565149,672.1471050791538
3310.4700000000003,38664.80289825413,-35354.33289825413,-143.5273484875284,1067.955090916218
19148.24,44172.2368381727,-25023.996838172698,-95.04557352366153,130.68562352557046
13466.47,48482.372967174764,-35015.90296717476,-126.94725403664812,260.0228788032407
28145.32875,45855.869350736946,-17710.540600736946,-66.02132976326644,62.92532859733232
45689.77,44702.18724347285,987.5827565271466,3.728713601243509,2.1614964499211675
33176.53333333333,44361.13301543954,-11184.599682106207,-42.39054935160041,33.712382091677874
10942.2,44977.459947963165,-34035.25994796316,-128.1095555051419,311.0458586752496
8365.68,44033.49938614586,-35667.81938614586,-135.68594811280184,426.3588780128556
29243.19693548387,46154.046491834604,-16910.849556350735,-62.836277578572776,57.828320185577965
14877.191428571428,52431.25388758809,-37554.06245901666,-130.92172457413133,252.4270971394146
4523.64,48189.55323802962,-43665.91323802962,-158.78739089255498,965.282675854613
31085.65166666667,43768.30410301345,-12682.65243634678,-48.39273263205256,40.79905601575811
34775.45384615385,51387.08116522821,-16611.62731907436,-58.49720545227973,47.76825456416466
23262.66,44462.43152284132,-21199.771522841318,-80.25728996935548,91.13219005410954
18449.47,45136.61471256773,-26687.14471256773,-100.27381400776534,144.6499260551535
49777.68333333333,44410.31528050728,5367.368052826045,20.33149733381028,10.782679492904041
67858.7525,48595.480467621135,19263.272032378867,69.75607447530876,28.38730646039929
3711.45,43361.03851218598,-39649.58851218598,-151.9983110009219,1068.3045309026386
5805.818333333334,43251.341422892445,-37445.52308955911,-143.73086068177443,644.9654629145149
1520.653333333333,47460.75628851053,-45940.10295517719,-168.3350499143187,3021.076661468571
2846.2533333333336,46285.87831241813,-43439.624979084794,-161.1802139126243,1526.2037454765607
4723.506666666667,52868.7770718359,-48145.270405169234,-167.1490501780512,1019.2696613498142
75407.40861538461,46118.534387442036,29288.87422794258,108.8716602060177,38.8408443755579
656.57,46517.639551825996,-45861.069551825996,-169.74041494741513,6984.94746208721
6948.32,47608.87089188994,-40660.55089188994,-148.75762387998117,585.1853526016353
68906.04000000001,40479.71952146818,28426.32047853183,112.78512255566704,41.253742746690754
1299.56,40878.029282610834,-39578.46928261084,-156.26579781854232,3045.528431362218
73273.84373626373,40926.184952229305,32347.65878403443,127.64156995014693,44.14625620086769
20257.306666666667,46993.68232331022,-26736.37565664355,-98.45385174068105,131.9838619051869
13487.28,44576.82372786456,-31089.543727864562,-117.54650031066767,230.51010824913965
6812.565,44420.70694826995,-37608.14194826995,-142.4423268928586,552.0408531627947
13774.403333333334,43966.84660430366,-30192.443270970325,-114.94379057282089,219.19238561793958
20325.341111111113,40168.34364561865,-19843.002534507534,-79.03425085921,97.6269102989868
5607.745,46123.48751634462,-40515.74251634462,-150.59572674246735,722.4961640792264
14069.73,41373.86269007882,-27304.132690078823,-107.15569726127205,194.0629471217914
7485.18,44641.29183743101,-37156.11183743101,-140.382120966735,496.3957024070364
10292.15,44646.937227222676,-34354.787227222674,-129.79003287580286,333.7960215039878
33796.55714285715,46442.63665653378,-12646.079513676632,-46.84328996825804,37.418247841701714
12265.925,43874.14003227704,-31608.215032277043,-120.46075417616308,257.691246540942
76861.09,45062.43154780818,31798.65845219182,119.57803211426594,41.37159445981292
65403.65208333333,40688.892851344914,24714.759231988413,97.80664520370148,37.78804156149932
33462.51610294118,46187.32874306837,-12724.812640127187,-47.26502467609962,38.02706467434091
2915.41,40492.36390634646,-37576.95390634646,-149.06817056114002,1288.908040596227
2048.21,52652.613009615285,-50604.403009615286,-176.04684910936,2470.664776053983
3294.7,40123.432465121645,-36828.73246512165,-146.77011947477158,1117.8174785298102
11028.88,48521.314497079205,-37492.43449707921,-135.87115825147688,339.9477961232619
30349.95,46321.454992473286,-15971.504992473285,-59.23858285761085,52.624485353265115
150046.81,44763.73486933993,105283.07513066006,397.2329990845832,70.16682002813658
16341.36,48338.94559565548,-31997.58559565548,-116.17656677735512,195.80735994834873
29443.06,44608.85376637321,-15165.793766373212,-57.319781868253415,51.508891284986035
43493.36,49382.793297852404,-5889.4332978524035,-21.156099295907772,13.54099406864037
77949.94416666667,50297.347190884284,27652.596975782384,98.42678492672252,35.47481306292881
7919.23375,53969.53395099924,-46050.30020099924,-158.23700233127417,581.4994436930118
23243.71083333333,51860.33674451844,-28616.62591118511,-100.31148858018014,123.11556496455201
40875.0425,49688.68245831978,-8813.639958319778,-31.56286952019781,21.56239949675839
39094.02625,53083.875465688165,-13989.849215688162,-48.470961861422175,35.785132813451675
6907.232000000001,50547.574172678884,-43640.34217267888,-154.94868796523357,631.8065206536985
24991.192647058822,49522.83360848136,-24531.64096142254,-87.99819657735256,98.16114543981011
16806.576999999997,50164.613819032114,-33358.03681903212,-118.89173429458374,198.48203961480152
19193.02,52777.85334875143,-33584.83334875143,-116.69903149508379,174.98462122558843
6519.9800000000005,51191.961107350406,-44671.9811073504,-157.61017255075086,685.1551861715894
35296.84,50447.00898159344,-15150.168981593444,-53.84553310558407,42.922168051285745
12202.862333333333,51709.761416635716,-39506.899083302385,-138.6872674000968,323.75108400088527
8344.95,49754.38063451471,-41409.430634514705,-148.19498671606857,496.2214349338786
4456.107,40297.99029593588,-35841.883295935884,-142.52762310800398,804.3317473286859
46985.81948868399,53995.17733672292,-7009.357848038926,-24.079677260127333,14.918028299425643
38035.11033333334,49700.70504596023,-11665.594712626895,-41.77106270945784,30.670595169546182
44505.403928571424,52142.631657939935,-7637.227729368511,-26.69864266013806,17.160225624793377
132230.47,49008.29129280695,83222.17870719306,300.0918604201579,62.93721765277932
14301.511666666667,53668.23857289918,-39366.726906232514,-135.65023541045855,275.26269826417547
3407.81,50168.5338262325,-46760.723826232505,-166.6538825178401,1372.16346645595
32987.27333333334,49705.128981220056,-16717.855647886718,-59.85905875649625,50.67971359425296
1584.1675,50232.36990023839,-48648.202400238384,-173.2705996522319,3070.900166821904
24551.608507462686,40400.42638971661,-15848.817882253923,-62.94392428017149,64.55307348777791
19530.80290540541,54132.43120493703,-34601.628299531614,-118.71830445708773,177.16439240680245
21614.711666666662,49725.837624248146,-28111.125957581484,-100.63223134662019,130.05552140181138
34666.424166666664,56376.4368287988,-21710.01266213214,-72.98963302431608,62.62547460261938
121778.78,50717.44575553144,71061.33424446857,251.88632260456205,58.35280518040054
8636.476666666667,52496.36453893402,-43859.887872267354,-152.8103666720513,507.84468672912544
23366.796666666665,50008.662589246735,-26641.86592258007,-95.10249997540156,114.01591027915852
7652.872,40757.16951783322,-33104.29751783322,-130.8977808155342,432.5735164240721
3736.6992307692312,54610.43043826992,-50873.731207500685,-173.78236626599616,1361.4617625253154
44670.39847533632,53596.955688339985,-8926.557213003667,-30.779662027939185,19.98316002919081
31524.37,52885.83729259212,-21361.467292592122,-74.1500252808233,67.76175794343273
48005.99880530973,53086.51867802929,-5080.51987271956,-17.602159283394116,10.583093778183459
31196.091999999997,49409.83182824653,-18213.739828246536,-65.40972992854768,58.38468430034934
57443.8428125,52248.20668631477,5195.636126185229,18.14483188131527,9.044722413756482
9747.4,40658.71385029489,-30911.313850294886,-122.37439607230749,317.1236827286752
44528.84641025641,54478.509933314264,-9949.663523057854,-34.02872671443902,22.3443100937062
25695.654126394053,52898.76034512925,-27203.1062187352,-94.41601474448332,105.86656438059975
18528.082,52306.71575162624,-33778.63375162624,-117.89985437079027,182.3104720263341
18788.012264150944,52649.57078970182,-33861.55852555088,-117.80383828716553,180.22959560315746
57155.35,50136.02123219732,7019.328767802675,25.024797191855185,12.281140379339249
57663.698333333334,52400.598154923544,5263.10017840979,18.353691579342424,9.127233130254114
179828.06,51999.09787854352,127828.96212145648,447.4878760744694,71.08399107539529
19412.44,51475.05414848883,-32062.614148488832,-112.81073731494257,165.16529683279813
18501.23,54377.52093119666,-35876.290931196665,-122.8139643242853,193.91300433104536
19476.004375,30223.799731705825,-10747.795356705825,-49.35086536346049,55.18480664597727
6691.265,35820.639187276494,-29129.374187276495,-122.86110131239919,435.334337935749
2117.33,31096.197543033828,-28978.867543033826,-131.18303721645262,1368.6514404005907
26214.48564705882,34489.803955293915,-8275.318308235095,-35.57044186075753,31.567730985267524
38378.5792,51635.14595752384,-13256.56675752384,-46.570218316016984,34.541577707816344
8395.18,31601.07930457259,-23205.89930457259,-104.20711216362857,276.41931804407517
26256.959696969698,42415.82338588545,-16158.863688915753,-62.632072321469025,61.54125944284646
51573.71529411765,36586.70424330993,14987.01105080772,62.546541126650084,29.059397728743996
3419.1316666666667,24567.43400809267,-21148.302341426002,-107.70739610141155,618.5284570232307
32289.225,42630.70659540183,-10341.481595401834,-39.98263506680499,32.02765503167646
49293.12653846154,36871.9994763333,12421.127062128238,51.63718695430659,25.19849710169329
10405.665,38011.241455902215,-27605.576455902214,-113.02921427958488,265.29372659894597
42970.53649122807,37232.75466228566,5737.78182894241,23.737302352787914,13.352828001376505
47234.96421052631,51054.273657676094,-3819.3094471497825,-13.493316623973872,8.08576763205983
60099.25,36296.27446095003,23802.97553904997,99.73558522300151,39.60611079015124
23191.97,30280.845404026903,-7088.875404026901,-32.519455132754096,30.566076982795774
2722.77,35888.24857006582,-33165.478570065825,-139.75264990990195,1218.07859532997
18951.916,31581.6329025917,-12629.7169025917,-56.73175784759181,66.64084466494944
27517.699375,36680.89687052441,-9163.197495524411,-38.192403439523375,33.29928629080538
37679.620285714285,41790.16178353312,-4110.541497818835,-16.051363352266137,10.909190343877457
31206.035,24206.2273919261,6999.807608073901,35.91471829275672,22.430941989502674
42592.77,42003.92183354836,588.8481664516366,2.2935505764081743,1.3825073280081024
56122.517272727266,41143.924793455546,14978.59247927172,58.947862465395225,26.689095940731377
4948.551,41753.51317838457,-36804.96217838457,-143.78374109957875,743.7523060464481
26528.27376068376,24357.515978039708,2170.757782644054,11.103113615073045,8.182808283067503
3486.9233333333336,35315.03511146823,-31828.111778134895,-135.20133147037794,912.784960709438
42751.4733935743,34586.74143953371,8164.731954040588,35.045884318085335,19.098129972914048
40882.38666666667,25306.478922447164,15575.907744219508,78.16051638631664,38.09931125405473
17755.805789473685,32575.810456685394,-14820.00466721171,-65.54667120558747,83.46568352306247
5218.85,30878.581557755206,-25659.731557755207,-116.56639156849708,491.6740576516896
21119.076153846152,23631.360984913714,-2512.2848310675618,-13.045911381290273,11.895808380851124
20249.408571428572,30089.27001357261,-9839.86144214404,-45.282779085225435,48.593327589961554
6880.441000000001,38097.85326589962,-31217.41226589962,-127.67226484220933,453.7123749175324
11308.695161290325,30111.247347372697,-18802.552186082372,-86.49725886542141,166.2663279707417
19165.946666666667,30533.30814631629,-11367.361479649622,-51.93051810270202,59.31020093789413
54065.096,29788.363416468263,24276.732583531735,112.28372912489904,44.90278271869107
15854.826470588234,30843.375029566014,-14988.54855897778,-68.12845608491514,94.53618799791056
16978.247678571428,30160.33603422737,-13182.088355655942,-60.592105709564535,77.64104167412582
1684.55,35619.01837290985,-33934.46837290985,-143.53241486009696,2014.4530214543852
4886.333333333333,24465.164993091475,-19578.831659758143,-99.92234393572541,400.6855513969195
13960.31148148148,31321.414066153353,-17361.102584671873,-78.30807317962199,124.3604242477081
16716.554285714286,24466.324627424474,-7749.7703417101875,-39.550718814742574,46.35985508289243
11636.585,31152.41007169537,-19515.82507169537,-88.26550419718038,167.71093127146298
3452.907142857143,23725.356666334308,-20272.449523477164,-105.06299281832237,587.1125021538378
11800.703125,30208.952559160214,-18408.249434160214,-84.54629332607753,155.99281872587753
50389.330789473686,30033.0212352026,20356.309554271087,93.76687666091492,40.398054975803554
4101.613333333334,37819.656643447626,-33718.04331011429,-138.4055445890032,822.067819901298
11570.42857142857,41289.53767735006,-29719.10910592149,-116.7523663104275,256.85400434784543
15649.990000000002,42135.68678118101,-26485.696781181006,-102.99977581409478,169.23778725213884
5706.5779999999995,42988.01070608488,-37281.43270608488,-143.53864252434246,653.3062845383851
4500.88,40598.463284182166,-36097.58328418217,-143.01225172627892,802.0116795867068
5283.6,41894.98918287694,-36611.38918287694,-142.78582063987312,692.9250734892297
13354.291999999998,40896.63086753204,-27542.338867532042,-108.71937991416877,206.24334758841613
8267.6196875,38742.836647567434,-30475.21696006743,-123.59503180101768,368.6093230212753
9819.89,39988.81251024075,-30168.92251024075,-120.43160127797358,307.2226115592003
10617.33,38829.100299905964,-28211.770299905962,-114.28825202357108,265.7143585054431
32259.62,42094.60576918621,-9834.985769186209,-38.26576743872751,30.486985802021877
19630.79,41961.71529224005,-22330.92529224005,-87.02219177713125,113.7545931276329
67273.29999999999,38861.04700901765,28412.252990982335,115.05310391257065,42.23407056140005
4617.78,44129.36541045482,-39511.58541045482,-150.14488105730726,855.6402732580336
12452.193913043478,42012.126272076035,-29559.93235903256,-115.12403955806818,237.3873436717765
18530.71,42574.60472755566,-24043.894727555664,-93.02066087929508,129.7516108533114
10905.743333333334,42436.87278439391,-31531.12945106058,-122.18496149418776,289.1240742360577
4952.772,38508.80714382269,-33556.03514382269,-136.50247400704723,677.5202885136383
42784.6675,42264.983103709026,519.684396290977,2.017898151487546,1.214651010881356
9174.95,36463.245587267586,-27288.295587267585,-114.0771505242222,297.42173621946256
30913.433333333334,34188.02913780122,-3274.5958044678846,-14.137433773923945,10.592792360390956
7798.33,35698.9006382375,-27900.5706382375,-117.8787657568873,357.77622437416085
71935.38260869565,43282.516213687035,28652.86639500862,109.94152067739053,39.83139500469553
512.1666666666666,34214.406732179006,-33702.24006551234,-145.44680179058383,6580.326729354834
62284.885,31961.823642327312,30323.06135767269,135.39642095966448,48.68446230200584
40378.253333333334,41962.250043360094,-1583.9967100267604,-6.172694832784129,3.9228955669539287
48993.655,42383.54791457926,6610.1070854207355,25.630658024251964,13.491761505486242
5204.413333333333,41627.70220868284,-36423.288875349506,-142.50754348909453,699.8538844342912
22548.5,39548.23585359652,-16999.735853596518,-68.23835213750353,75.39187020687194
10878.643333333332,34166.24692249358,-23287.603589160244,-100.5717662484585,214.0671669766443
6113.92,36255.25294800567,-30141.33294800567,-126.36502852751461,492.9952133493024
39220.092142857146,42458.72952959878,-3238.6373867416332,-12.546677724490396,8.257597598050165
11013.06,31993.991832066997,-20980.931832067,-93.6354868914138,190.50955712642082
14586.580000000002,33902.102155244196,-19315.522155244194,-83.74194699150426,132.41981434472092
72964.27333333333,42445.53459599925,30518.738737334083,118.24982116536067,41.826961803499195
1159.15,42488.11631014681,-41328.96631014681,-160.05554321379716,3565.4545408399954
12360.246153846154,31743.484026486985,-19383.23787264083,-86.84582497245454,156.81918977486805
37782.105,42440.02818153121,-4657.923181531209,-18.04905237714083,12.328384513068311
34202.277500000004,38814.857772947675,-4612.580272947671,-18.689378214526673,13.48617872873428
22747.141666666663,38742.19479297189,-15995.053126305225,-64.86993934699946,70.31676049982204
9414.195,42512.75925000604,-33098.56425000604,-128.14433859246685,351.58146023113017
57322.62,42101.30786510439,15221.312134895612,59.21806514483426,26.553762083616572
127753.83428571429,42172.12693183278,85581.7073538815,332.67342471070555,66.98954112209486
37385.350000000006,43728.042845291704,-6342.692845291698,-24.21271977436246,16.965717440900505
20665.829166666663,47736.29498504622,-27070.465818379555,-98.90569291945653,130.99143324983723
18603.274516129033,31277.573128486492,-12674.29861235746,-57.208073917163354,68.12939625961465
20900.134444444448,47814.54968362712,-26914.415239182672,-98.2550381630251,128.77627802215838
17511.6,48573.894764018914,-31062.294764018916,-112.50763303478293,177.38124879519245
33000.0,47324.1851130489,-14324.185113048901,-52.562772874277336,43.40662155469364
3126.4933333333333,42901.84121251365,-39775.34787918032,-153.29427518505713,1272.2031886366938
2792.04,43567.64890647604,-40775.60890647604,-155.94387016109738,1460.4235221012607
18653.13,44759.92921716352,-26106.799217163516,-98.50513005409398,139.95934846947142
38775.73,49653.342172908364,-10877.61217290836,-38.96810103642566,28.052630273906797
44486.75,44342.45169411646,144.29830588353798,0.5470175961802342,0.3243624357444362
29313.376,43414.74388483662,-14101.367884836622,-54.0247214517731,48.10557434543405
200000.0,43180.53941738391,156819.4605826161,602.4289573081182,78.40973029130805
14762.74,44205.23190294348,-29442.491902943482,-111.78605833028918,199.43785437488896
48937.73166666667,45531.002349780734,3406.7293168859323,12.744826787303452,6.961355177004218
42600.734,45855.07355538225,-3254.3395553822556,-12.131627946826542,7.639163107805269
20909.75,49003.57836597703,-28093.82836597703,-101.3087467217056,134.35755265355652
19555.9,48384.416082464864,-28828.516082464863,-104.62114076603267,147.41595161800203
190843.8633333333,45727.4273858162,145116.4359475171,541.724072122155,76.03935144304464
8345.574999999999,44109.406038856105,-35763.83103885611,-135.93407764887405,428.53645241767174
5710.0425,49144.5182019963,-43434.4757019963,-156.40367658318794,760.6681684417638
41639.83285714285,40160.05560212414,1479.7772550187074,5.894529019842877,3.5537540702804913
26577.7,45660.350879737794,-19082.650879737794,-71.28842138603967,71.79948182023949
113180.46,45350.94529055152,67829.51470944849,254.25848394607152,59.93041087608981
34242.33848920863,43273.182372334486,-9030.843883125854,-34.65523373457556,26.373326944279512
75048.49163851351,41302.02467835994,33746.46696015357,132.55391399744627,44.966216140226194
27464.847777777777,44697.09360972251,-17232.245831944736,-65.06570720265837,62.74291403824057
18195.41,49302.47047585175,-31107.060475851747,-111.83417745449324,170.9610306986858
22869.24,45231.636061678095,-22362.396061678093,-83.93577443268765,97.78373073035262
76996.97363636363,41911.28439396627,35085.68924239736,136.80892882930692,45.56762114845942
118028.09,31579.13323576794,86448.95676423206,388.3377134141478,73.24439187674058
72681.04911764705,31097.663159554017,41583.38595809304,188.23738752552458,57.213519153779714
38202.49818181818,31463.098782652494,6739.399399165683,30.329857030543945,17.641253111486787
93110.05,31317.324709195338,61792.725290804665,278.7372026240273,66.36525841281866
17642.67,36134.74552425148,-18492.07552425148,-77.65565252914182,104.81449533574838
31643.1284,30325.73432259607,1317.394077403933,6.038929490346004,4.163286451171285
54628.128333333334,49592.52909913854,5035.599234194793,18.050654164980344,9.217960394813929
19945.67142857143,51731.39200984866,-31785.720581277234,-111.55907230072182,159.36149703010437
13547.47,49889.407695320755,-36341.937695320754,-129.88345142594181,268.2562699553552
295.75666666666666,50095.31131326437,-49799.5546465977,-177.61385242171377,16838.01592973876
36221.9065,58995.17144750431,-22773.264947504314,-74.84572166031711,62.871524853348944
16675.72,53535.705773549686,-36859.985773549684,-127.16960203433362,221.03984579706113
11594.6,49262.8218076277,-37668.2218076277,-135.47694407675576,324.8772860437419
21168.41,40037.676358176235,-18869.266358176235,-75.27842045716062,89.1387986068686
2340.8025,49318.29926301717,-46977.496763017174,-168.86348215761083,2006.8970689760104
4434.236,58110.32380251418,-53676.08780251419,-177.74775414268444,1210.4923554477973
31077.1925,66207.73660811939,-35130.544108119386,-108.98843609530797,113.04285001973516
32180.803333333333,54441.96429679789,-22261.160963464554,-76.160683311193,69.17528047041053
12133.23,56613.492837964455,-44480.26283796446,-149.2303937942138,366.59869497210934
67376.5,55567.87369639078,11808.62630360922,39.98871096306075,17.526327879318785
12407.56,33606.41346651407,-21198.85346651407,-92.31052158881388,170.85432967089474
68306.9,22615.294955693345,45691.60504430665,242.54102082475617,66.89163912329012
23072.564230769232,41901.33184231381,-18828.76761154458,-73.42735711219622,81.6067404698556
50315.77,35755.64733274852,14560.122667251475,61.4670862414255,28.93749348812803
30623.12,35400.017179244365,-4776.897179244366,-20.267214884182454,15.598989192624288
23411.37142857143,40398.091331348965,-16986.719902777535,-67.46507655415765,72.5575601352717
11405.584705882353,41381.12580456791,-29975.54109868556,-117.62937668445325,262.8145936545093
55544.07,45044.37281987952,10499.697180120478,39.49175343337549,18.903363005484614
8772.4,36105.4265554743,-27333.026555474302,-114.82895125158629,311.5798020550169
40531.13924302789,35080.69398284581,5450.445260182074,23.229925092566507,13.44755011079451
23814.471538461537,36004.60890732087,-12190.137368859334,-51.283713569210924,51.18793985905447
14998.063823529412,43030.581198723245,-28032.517375193835,-107.87564593474963,186.90757490453922
93514.7606097561,60685.806712255624,32828.95389750047,106.38083490789703,35.10563860019712
78085.16988636364,28367.261911728012,49717.90797463563,235.6427335467376,63.6713834995678
5815.676666666667,35403.544776598515,-29587.86810993185,-125.52788610685928,508.7605416497567
18949.14,35466.09806742394,-16516.95806742394,-70.01212767231524,87.16468434675105
30678.82,43316.93523575392,-12638.115235753918,-48.473386871911444,41.19491960823108
13804.575,25491.621162531646,-11687.046162531646,-58.43269899879604,84.66067345450074
13117.8,39187.622977973144,-26069.822977973145,-105.12682224100207,198.73624371444257
1466.27,38108.750142288496,-36642.4801422885,-149.83815735640323,2499.0267919474927
9787.915,30916.122622236093,-21128.207622236092,-95.9224053338196,215.86014613159276
122675.3625,30833.652982011412,91841.7095179886,417.52009626850224,74.8656516242115
24786.04,38852.481918303914,-14066.441918303914,-56.967188855377366,56.75146944935098
313402.26,42706.218590241646,270696.0414097584,1045.6498046297154,86.37335334140806
13574.668333333331,39743.96414055889,-26169.29580722556,-104.78674748207305,192.7803697639186
34991.935172413796,42910.172487931384,-7918.237315517588,-30.513940760938315,22.628749386115693
21807.940454545456,27826.620971312444,-6018.680516766988,-28.80188882367815,27.598573690678375
17672.3875,44365.480310926156,-26693.092810926155,-101.16405239280893,151.04406697129153
15000.0,39156.81685353342,-24156.81685353342,-97.45091741254248,161.04544569022278
61307.40333333333,46936.907521945424,14370.495811387904,52.9498130929136,23.440066011692508
2721.14375,44107.15102231803,-41386.00727231803,-157.30732340577234,1520.904850113781
5139.08,31850.646511204304,-26711.566511204306,-119.47860609607834,519.773315675263
18424.59,58146.29387736933,-39721.703877369335,-131.49727865086973,215.59070718734765
20143.40651428571,49868.192540985394,-29724.786026699683,-106.25682586624552,147.56583503201833
6308.495,30697.651248289218,-24389.15624828922,-111.1204821817647,386.60815691047105
5370.125,30790.792065470076,-25420.667065470076,-115.6448846964791,473.37198045613604
19239.25346153846,43025.31377270979,-23786.06031117133,-91.53989454830169,123.63296922472837
3251.94,39018.11404068112,-35766.174040681115,-144.54040385417954,1099.841142231441
21817.125283018868,42663.1686769701,-20846.04339395123,-80.56510891307333,95.54899247049991
13058.83,46738.42349120575,-33679.59349120575,-124.35971740159118,257.90666921313584
37564.96333333333,44575.125233602106,-7010.161900268773,-26.505236111354762,18.661436823627334
39740.22214285714,43105.36001489693,-3365.1378720397843,-12.938595601394015,8.467838604280752
137070.08875,46796.99499457896,90273.09375542102,333.1188882729734,65.85907587764733
32105.650000000005,38767.45420685068,-6661.804206850673,-27.00897720562942,20.74963193970741
48471.89033333333,34846.22062418328,13625.669709150046,58.267975838383975,28.110456628467606
48794.22477732793,52972.36227773132,-4178.137500403391,-14.491320883235842,8.562770531697735
13328.617234042553,49374.37169987174,-36045.75446582919,-129.49507281180203,270.4388147163902
1868.753333333333,37345.19199963694,-35476.438666303606,-146.54553245169723,1898.401358461984
82613.015,36135.497975907994,46477.517024092005,195.17572972163617,56.25931582825297
76074.10104651163,38442.76594963296,37631.33509687867,153.21180464004433,49.46668390319974
90341.61437956204,40125.89850673834,50215.715872823705,200.11386884605233,55.584257839191324
5128.411,36242.2437128081,-31113.8327128081,-130.4655619638829,606.695382113643
2643.6600000000003,38429.002022864224,-35785.34202286422,-145.722137984646,1353.6287579667664
2467.9,35688.026649111765,-33220.126649111764,-140.37505251286007,1346.0888467568282
15121.86,37226.79778378735,-22104.937783787347,-91.45582504173754,146.17869616427706
25271.293076923077,37528.84066974804,-12257.547592824962,-50.5092510767437,48.50384013004129
8663.852410714286,36908.251519607846,-28244.399108893558,-117.36011302321201,326.0027730154393
44897.2627,36405.285124893824,8491.977575106175,35.52847245550763,18.914243462566763
159337.60144268774,38533.9785525897,120803.62289009803,491.2560913179194,75.81614245244552
126296.21014084508,37749.0116784336,88547.19846241148,363.8077509189371,70.11073282695021
12944.419411764706,36049.96427912133,-23105.54486735662,-97.14349183132788,178.49811669696706
24067.991538461534,37802.956905572064,-13734.96536711053,-56.391623533090495,57.06735165317617
14080.72,38347.7893148401,-24267.069314840097,-98.92295464748804,172.34253159526003
20971.014857142854,37439.23264108532,-16468.217783942466,-67.9411740623683,78.52847320993286
17653.0796,36728.02787210862,-19074.94827210862,-79.45376461016413,108.05450779312534
42707.43238095238,37482.90147296881,5224.530907983564,21.54173193708619,12.233306047014239
45065.50666666666,38561.98764591775,6503.519020748914,26.43739283822358,14.43125685649804
4468.96,37177.1386109308,-32708.1786109308,-135.4154743882889,731.8968755802424
22224.137142857147,37240.618802753925,-15016.481659896777,-62.11688384707106,67.56834500871987
1920.65,35326.254330522774,-33405.60433052277,-141.87976235415067,1739.2864046298268
34442.26315789474,37051.09364559677,-2608.8304877020273,-10.819202774964857,7.57450367225372
1166.327142857143,35749.65311625455,-34583.325973397405,-146.0093801737211,2965.148002015874
11448.71,37495.16529589981,-26046.45529589981,-107.3769111568362,227.50559055037476
570.7875,35431.657979122785,-34860.87047912279,-147.84015354153593,6107.504190109767
24527.131666666668,36959.37519050098,-12432.24352383431,-51.62227182632728,50.68771877932312
5805.1392857142855,37958.45876816293,-32153.31948244864,-131.74114865540267,553.8767960585184
20980.056285714283,39811.81806887926,-18831.76178316498,-75.34160393773688,89.76030152973365
16691.63626373626,38760.30506214454,-22068.668798408282,-89.48133582350421,132.2139330723016
23168.354754098364,38232.09984806753,-15063.74509396917,-61.49910525642855,65.01862240047267
39.365,37686.74138142976,-37647.37638142976,-154.80690833588042,95636.6731396666
14748.83,37747.86533883324,-22999.035338833237,-94.49598082846472,155.93803263603442
34379.818,37621.750768426835,-3241.9327684268355,-13.342414187789577,9.429755469987757
3306.7166666666667,37700.439201312,-34393.722534645334,-141.40211118457137,1040.1170103671416
23976.676,34735.29282463534,-10758.61682463534,-46.08089155610065,44.87117740855881
32053.05,38060.794456544514,-6007.744456544515,-24.582295895045995,18.743128833432436
29948.701666666668,37142.67396722408,-7193.972300557412,-29.79765540031885,24.02098221361097
16147.098333333332,35314.062172786515,-19166.963839453183,-81.41968166410113,118.70221784607442
25375.152307692308,36836.708971218424,-11461.556663526117,-47.67087346469411,45.16842509769536
4564.4,35654.76308921841,-31090.36308921841,-131.43678623533748,681.148959101271
4763.08,37650.143846329374,-32887.06384632937,-135.2980996563077,690.4579357543727
61443.12797833935,38612.07602128381,22831.05195705554,92.75007324687846,37.158023538619666
121824.90652777776,37891.85362676337,83933.0529010144,344.1993213372649,68.89646402632495
42623.635,37833.085186393604,4790.549813606398,19.66071901708875,11.23918645982774
2425.065,36864.66471748424,-34439.599717484234,-143.18676132909684,1420.151613151987
8857.2453125,38928.15989053836,-30070.91457803836,-121.66470696259057,339.5063986271224
7445.123333333333,37813.73569701906,-30368.612363685726,-124.66658733286059,407.8993860010252
12160.25,37537.19292440505,-25376.942924405048,-104.55825386125309,208.68767438502536
6322.345,35157.433659877825,-28835.088659877823,-122.76162350469718,456.0821761526431
11914.45,36848.23120185075,-24933.78120185075,-103.68829579266037,209.27345535757632
12611.74,38123.04873538631,-25511.308735386316,-104.30108869172683,202.2822285853206
142486.36870370372,37566.87368169628,104919.49502200744,432.11921608482487,73.6347595749208
35160.87071428572,38559.52394590173,-3398.6532316160155,-13.816274040805204,9.66600986429826
3307.9,36397.342875793576,-33089.442875793575,-138.45368854002876,1000.3156950268622
197248.22575,38645.02224409036,158603.20350590965,644.043333817605,80.4079240271238
43736.38,37227.650080066094,6508.729919933903,26.928573904046573,14.881729854948908
14324.816,35056.32234892834,-20731.506348928342,-88.38887318307091,144.72441634802388
62398.983899371065,34238.01055031882,28160.97334905225,121.49077879452379,45.130499872348224
118254.946,38680.17377016843,79574.77222983156,322.98407612988296,67.29086175374988
2092.765,38508.37585940481,-36415.61085940481,-148.13576125411498,1740.071668792474
15530.1675,35094.69666194098,-19564.52916194098,-83.36784383246305,125.97757984220699
17549.241153846153,35796.81532575017,-18247.574171904016,-76.9897407436951,103.97927757636867
35469.74300236407,35116.81031555364,352.93268681043264,1.503433650675308,0.9950246518191844
9437.848333333332,35672.30103607009,-26234.452702736755,-110.88080275232507,277.9706960333306
6459.962857142857,34994.66132960387,-28534.698472461016,-121.76495299134139,441.71613836618064
26678.98,36746.41745929306,-10067.437459293058,-41.92386880678212,37.735466120867656
87793.41625,38540.59764406145,49252.81860593855,200.27271332883262,56.10081109691246
471.18,35962.30453265047,-35491.12453265047,-149.39839028241218,7532.391980273032
3492.085,37718.19962807203,-34226.11462807203,-140.67989591710338,980.1054277909051
13523.586923076924,36696.1092194381,-23172.522296361174,-96.5635478889282,171.34893596031915
12448.548666666667,38487.83305462681,-26039.284387960142,-105.95396900384833,209.17526279738317
2374.905,37874.79099713581,-35499.88599713581,-145.6135369712657,1494.791833658012
9533.25,37720.04906826795,-28186.799068267952,-115.85360447601113,295.6683090055118
13624.663333333332,36964.16961924998,-23339.50628591665,-96.9060971422106,171.3033615209818
108996.13354838708,38073.042302956346,70923.09124543073,290.1541462476471,65.0693643311169
15927.94,35324.85467032811,-19396.914670328108,-82.38390592344281,121.77917966998939
18006.465,37049.62564560839,-19043.160645608386,-78.97634560123242,105.75735240430804
22151.682727272728,37076.74852836814,-14925.06580109541,-61.87501952498868,67.37666833192748
39639.73,37133.817145755485,2505.912854244518,10.38080616492886,6.321720289831736
129663.9676,37443.089342140614,92220.87825785938,380.44627126033373,71.12298039679868
19958.96666666667,37847.797791384415,-17888.831124717744,-73.40262174415034,89.6280424907656
56941.235,37038.35095798702,19902.884042012978,82.55437743718294,34.95337612893886
8036.04,36694.0084171694,-28657.968417169403,-119.42568384093316,356.618040940182
46196.70857142857,38327.29362548418,7869.414945944394,32.08767749755526,17.034579279120802
74467.47741935484,38924.766080717774,35542.71133863706,143.80946278390815,47.72917328524836
8980.436666666666,36523.58929787608,-27543.152631209414,-115.04740803530028,306.7017078739981
7028.79,38306.88967722485,-31278.099677224847,-127.57096156419321,444.9997748862158
10955.0475,36166.33554279147,-25211.28804279147,-105.82607671625374,230.13399113779718
32859.49,35808.53358998638,-2949.0435899863805,-12.44050009533611,8.974708950097462
19601.29642857143,37352.50065785179,-17751.204229280364,-73.31922990093392,90.56137839640894
3338.8866666666668,35417.10375943563,-32078.217092768966,-136.06725248881116,960.7459100968476
66249.9812755102,38902.65122045348,27347.330055056722,110.68155385539778,41.27900042919086
5749.6,35325.39264320484,-29575.79264320484,-125.61537784374084,514.3973953528043
7519.81,37050.18988554309,-29530.37988554309,-122.4683114468563,392.70114385261184
83485.15666666666,35265.54532012067,48219.61134654599,204.97378409718021,57.75830491529611
60842.27333333334,37530.25790990863,23312.01542342471,96.05919934546745,38.31549044150012
102934.40355263156,38829.37372542391,64105.02982720765,259.6939480059491,62.277555039632595
4985.0142857142855,28341.109676424527,-23356.09539071024,-110.7494887611267,468.5261476109015
5893.033333333333,33875.39537591457,-27982.36204258124,-121.3646199031999,474.83800718217407
8775.695000000002,29027.79868595555,-20252.103685955546,-94.88837432003972,230.77492649819237
3454.7900000000004,28958.712122543955,-25503.922122543954,-119.63748283695655,738.219171716485
6282.46,28871.84812822561,-22589.38812822561,-106.12485023210935,359.56278477261475
3581.33,28524.508389639584,-24943.178389639586,-117.8942499483165,696.4780790834575
11870.416666666666,29243.41442550835,-17372.99775884168,-81.0980924982739,146.35541655101983
16502.356666666667,28935.278660312728,-12432.921993646061,-58.345758407935314,75.34028166267602
6310.31,34926.81527972747,-28616.505279727466,-122.23259080403372,453.4881056513462
2133.08,29441.52683882822,-27308.44683882822,-127.04768361626945,1280.2354735325548
17128.986666666668,32686.824706437907,-15557.838039771239,-68.6930491449175,90.82754480769773
35903.195,45581.30793577062,-9678.112935770623,-36.186552468504786,26.956132833778785
37163.23,57517.450378129644,-20354.22037812964,-67.7492628654611,54.769782869060734
5969.75,47404.51235305786,-41434.76235305786,-151.9164928805489,694.0786859258404
22134.950000000004,46117.811990593145,-23982.86199059314,-89.14902058004488,108.34839017297593
25361.975,42851.33840237213,-17489.36340237213,-67.44375179852018,68.95899630203142
83500.93627906978,45598.6481153662,37902.288163703575,141.69005234998212,45.39145290183304
52354.24733333333,45910.910429889256,6443.336903444077,24.005060373812782,12.307190403139803
54483.475,47765.31719811345,6718.1578018865475,24.53826107384882,12.330633833261457
53520.52,47720.87652387356,5799.643476126439,21.193222904997572,10.836298817960737
3406.3199999999997,45720.855084635965,-42314.535084635965,-157.97280029341474,1242.2360519456765
19040.59,43393.63000138738,-24353.040001387377,-93.32330408663714,127.90065854780433
42738.11,47903.06369026062,-5164.95369026062,-18.83799607457729,12.085124237502827
94445.52166666668,47462.95920679957,46982.56245986711,172.15086489601572,49.745675211246144
47687.303499999995,45037.27464762854,2650.0288523714553,9.968147748691802,5.557095196987717
43406.21,29027.366448724893,14378.843551275106,67.37054424632737,33.12623597239913
1524.27,47827.0038623088,-46302.7338623088,-169.0129419693328,3037.6989550610324
49917.665,46706.47854483939,3211.1864551606122,11.861152128417428,6.432966075557846
19106.66,33630.3347644121,-14523.674764412102,-63.22092341873345,76.01367672011803
11522.90875,33957.67385093119,-22434.76510093119,-97.18572424722912,194.6970646706821
29540.25333333333,34385.537774344506,-4845.284441011176,-20.858413944954574,16.40231174166587
32962.014444444445,33841.07131750217,-879.0568730577215,-3.81456339978185,2.666878489903342
24560.855576923077,34000.336379681896,-9439.480802758819,-40.865462256683266,38.43302922894909
26487.63954545455,35481.99383521307,-8994.354289758521,-38.11675297908906,33.95679812964689
13764.316666666666,34785.3341284221,-21021.017461755437,-89.97162376514711,152.72111192168717
48922.23914285714,34420.84090266796,14501.398240189184,62.394894766084306,29.641730415984956
20476.48,34126.6690907282,-13650.189090728203,-58.985006556510875,66.6627715834372
19614.2475,34450.83580258673,-14836.588302586726,-63.80931457238549,75.64189399866972
27865.82222222222,25103.910804641808,2761.9114175804134,13.915184500076823,9.9114657215385
9023.93,24186.994806145965,-15163.064806145965,-77.82980648468293,168.0317201723192
18900.891836734696,41560.86159661372,-22659.969759879026,-88.72928256252624,119.8883627059248
44287.11947368421,25015.285308719383,19271.834164964825,97.26805569340861,43.51566413439085
6198.0199999999995,37956.21873673738,-31758.198736737377,-130.12606798039204,512.3926469539849
87872.936,23409.98878260361,64462.94721739639,336.325246950836,73.35927323220017
67219.09051724138,45555.99687904081,21663.093638200568,81.02100292896513,32.22759110768404
24651.227000000003,25209.57165116171,-558.3446511617076,-2.8071753521901774,2.264977119239166
36703.98071428572,26342.242493605223,10361.738220680494,50.96313778845729,28.23055706502035
17767.387179487177,43317.97011994306,-25550.58294045588,-97.99787975243643,143.80607954530626
21045.63,39515.05925896332,-18469.429258963322,-74.16893987070667,87.75897542132653
3126.2314285714283,39633.61124382305,-36507.37981525162,-146.385734693162,1167.7759836204493
203176.04,40469.19622581485,162706.84377418517,645.6444860234856,80.08170834227558
31599.58,39122.54463308107,-7522.964633081065,-30.361651286531476,23.80716652905217
5092.285,40563.19233728841,-35470.907337288416,-140.5905563477176,696.5617073138761
72465.75200000001,39428.01720568891,33037.734794311094,132.81823634977664,45.59082584875555
101850.07,37416.68108295723,64433.38891704278,265.90607406005,63.262979511985385
17870.66,36582.2397804186,-18711.579780418597,-78.09535884259122,104.70558882782504
3921.5375,39225.39498304495,-35303.85748304495,-142.29459820968577,900.2555115957696
16217.09625,42495.08442427325,-26277.988174273247,-101.75896470879596,162.03880009821884
17313.72428571429,38447.97912032441,-21134.25483461012,-86.03993946491902,122.06648601911829
5177.49,37963.49431325726,-32786.00431325726,-134.32452606866033,633.2412870571892
3209.308333333333,41127.9962019404,-37918.68786860706,-149.2569079724463,1181.5221203511785
37173.584749999995,37414.7344076345,-241.1496576345089,-0.9952111464438009,0.6487124103211729
19176.117943262412,38301.704968455495,-19125.587025193083,-78.01096240808252,99.73649036672157
19199.718610169493,41494.39889468703,-22294.680284517537,-87.36881093531477,116.11982830159155
20757.193169014085,38253.07363795235,-17495.880468938267,-71.40893399206794,84.2882769673106
5065.83,39143.54276516924,-34077.712765169235,-137.49607101774083,672.6975197582476
25191.18,39212.05856101191,-14020.878561011908,-56.521713800063885,55.65788724867953
13109.53875,40696.669664646644,-27587.130914646645,-109.16339038833397,210.4355571979727
36368.37559322034,37022.35040340104,-653.9748101806981,-2.713182093744003,1.7981963711973148
8365.15,40588.5659302198,-32223.415930219795,-127.67904883510995,385.2102583960813
21961.296666666665,35019.73628978386,-13058.439623117196,-55.70379256128552,59.46115031967844
6649.3,38106.62315309732,-31457.323153097317,-128.63864189592041,473.0922526145206
5978.344999999999,41283.05575290675,-35304.71075290675,-138.70644940701283,590.5432147677452
40846.07,35618.94076742551,5227.129232574487,22.109180866391913,12.797141151093575
41330.896,39893.703316511914,1437.192683488087,5.74397757883114,3.4772841205477056
14577.786499999998,39385.639809058106,-24807.853309058108,-99.78612269858576,170.1757211841325
97426.11666666668,40800.63361369215,56625.48305297453,223.78366452053032,58.12146166793523
17370.088333333337,35202.70787748556,-17832.619544152225,-75.87121228633204,102.66280287090588
38692.498103792415,38478.30112444026,214.19697935215663,0.871676449672692,0.5535878783984802
45444.57104477611,41685.71547826301,3758.855566513099,14.696432473490372,8.271297275112431
52381.682,36163.18881314863,16218.493186851374,68.08117748979359,30.962146627615688
3967.116666666667,37383.19431440636,-33416.077647739694,-137.964446360745,842.3265675172906
11316.100909090908,40278.88912670082,-28962.788217609916,-115.1997513202392,255.9431773389574
26652.798295454544,39151.67031993418,-12498.872024479635,-50.42496309348079,46.895158571815834
18614.11,39031.90405900984,-20417.794059009837,-82.49903439821574,109.68987536341967
36117.964,40002.08348883467,-3884.1194888346727,-15.50248040346379,10.753982391794489
50937.268425925926,38367.960073951785,12569.308351974141,51.22440717372984,24.676054960137293
35292.384526315785,41566.17679017593,-6273.792263860145,-24.564617684572955,17.77661766997378
21081.931999999997,35863.217051547006,-14781.285051547009,-62.30709240336955,70.11352209819769
9020.726666666667,37832.409568226656,-28811.682901559987,-118.24602225510732,319.3942568731712
32936.93307692308,37082.6015590022,-4145.66848207912,-17.185389810850047,12.586686417940168
12336.41205882353,39783.01335291505,-27446.601294091517,-109.84736685486713,222.48447249668945
5039.38,41340.15303392762,-36300.773033927624,-142.521291347538,720.3420467185967
35687.292499999996,39964.51951216551,-4277.2270121655165,-17.079490777131074,11.985294239302455
103592.136,39579.35674441288,64012.77925558712,256.8515748007935,61.793087513503075
550.4133333333333,37971.33825819464,-37420.92492486131,-153.2979972224498,6798.69520933262
10690.346,40912.59058364826,-30222.244583648266,-119.27464734178268,282.7059534242228
7001.223571428572,39551.18461539257,-32549.961043964002,-130.65337729837927,464.91817768536583
44070.495,40389.46232617549,3681.032673824513,14.621285307620855,8.35260115372998
1145.35,37305.71182287362,-36160.36182287362,-149.4496894827024,3157.145136672076
11929.74111111111,40415.38330221705,-28485.64219110594,-113.11041061073527,238.77837688007338
17679.02523809524,37258.345095914476,-19579.319857819235,-80.9721621267523,110.74886535955156
21444.134,37181.344945119636,-15737.210945119637,-65.15010706824557,73.38702017586553
5780.9275,39847.158676083076,-34066.23117608308,-136.23080559319882,589.2866010875085
1743.3766666666668,39835.80973502752,-38092.43306836086,-152.35327826154764,2184.980090458221
24174.92,37419.13994292643,-13244.21994292643,-54.65493710582452,54.78495872137914
24660.11,40317.61909647213,-15657.509096472131,-62.247963707064635,63.4932654253048
72314.45416666666,36677.52260615863,35636.931560508034,148.54232643542332,49.28050964524167
8204.9,40272.897452755795,-32067.997452755793,-127.5602370006789,390.83958918153536
79883.50692307691,39360.080824066994,40523.42609900992,163.05273222628813,50.72815110387127
25900.47,37411.27831606889,-11510.808316068891,-47.50665617663547,44.44246886666107
2659.9566666666665,40309.14850955848,-37649.191842891814,-149.69378214914528,1415.406209984316
12198.373333333337,38967.82265916968,-26769.449325836344,-108.25208815164812,219.45097591566585
33871.869729729726,39119.99073939975,-5248.121009670023,-21.18138644657809,15.494039896662946
1315.6666666666667,37759.4761981689,-36443.80953150224,-149.71341016278535,2769.988056612787
425.295,37388.59711378842,-36963.30211378842,-152.59879075427065,8691.214830597213
44673.865000000005,40505.17761624441,4168.687383755598,16.53461064498426,9.33137838813722
8900.32076923077,39863.741500846816,-30963.420731616046,-123.79691441122887,347.8910652148566
2000.0,38038.46232136672,-36038.46232136672,-147.50430350503382,1801.9231160683362
17293.8525,34876.903243224995,-17583.050743224994,-75.15799508720997,101.67226037821817
118983.444,37760.858332687436,81222.58566731257,333.6612690257228,68.26377093884807
15510.0,38504.99332188457,-22994.99332188457,-93.54588257041061,148.25914456405266
73589.03222222223,38937.506517274946,34651.525704947286,140.18069478012723,47.08789429423058
18363.827142857142,38828.521456391696,-20464.694313534554,-82.90481419513462,111.44024692856343
41271.170454545456,38199.47708334766,3071.693371197798,12.545820418786473,7.44270961392008
35893.175,33121.16898593084,2772.006014069164,12.15881512645069,7.722933438095582
88800.82500000001,38768.46624406961,50032.3587559304,202.84372779578683,56.34222289706249
162190.83857142855,38424.92104913815,123765.9175222904,504.0161922602733,76.30882151693427
5298.77,44144.476278158545,-38845.70627815854,-147.5892591747906,733.1079906876225
43870.07363636364,48602.88991920352,-4732.816282839878,-17.137146724806176,10.788256983724038
44883.17095238095,37355.737510219704,7527.433442161244,31.08981815075973,16.77117120389626
126454.81333333334,37481.915494487555,88972.89783884579,366.8569594875222,70.35943946579108
11181.824,31294.878053148826,-20113.054053148826,-90.75933479504009,179.87274753339727
20289.883333333335,46362.787253595205,-26072.90392026187,-96.66172715318396,128.5019903363755
5765.74,32297.96963126425,-26532.22963126425,-117.85175428849851,460.17041405377717
251604.82,51439.7796131348,200165.0403868652,704.5123231342124,79.55532822736274
3089.33,50367.0418107503,-47277.7118107503,-168.1640437296509,1530.3548604632815
162500.01285714286,37507.48687647851,124992.52598066436,515.1989592124128,76.91847144070559
28181.855,48270.66982670872,-20088.81482670872,-72.98986629094726,71.28279819305266
32788.015,49665.1303161368,-16877.1153161368,-60.453624384525,51.47342806856956
4000.035,50219.5953451097,-46219.5603451097,-164.64142665740857,1155.4788981873835
14993.79,44820.08796933433,-29826.29796933433,-112.46384180531234,198.92434113946058
1832.57,44511.5114170186,-42678.9414170186,-161.4832135711062,2328.9119333514464
56075.21515151515,37780.12942158007,18295.085729935076,75.1367910821981,32.6259750952391
649.54,45166.943368080996,-44517.403368080995,-167.2127499657229,6853.681585134248
2532.53,43853.45251556181,-41320.92251556181,-157.51358960368682,1631.6064376556963
9359.64,36875.99056710423,-27516.35056710423,-114.38495388444028,293.98941163446705
6908.64,43839.016569291554,-36930.376569291555,-140.8001928509584,534.5534948888862
9165.187142857145,48417.273397131474,-39252.08625427433,-142.40082170895235,428.2737018072271
80938.81769230768,44347.52402167331,36591.293670634375,138.705279053343,45.20858435285985
27115.646666666667,36099.13924399027,-8983.492577323603,-37.74389411235199,33.130290742307956
5111.95,50486.43381154943,-45374.483811549435,-161.20342518262635,887.6159549985708
8342.17,44649.72791137998,-36307.55791137998,-137.16318009039853,435.2291779162973
45225.30000000001,41489.05694426051,3736.2430557394982,14.64260187756066,8.26140026874227
9641.106666666668,37661.053796965876,-28019.94713029921,-115.25797703214423,290.62998781224843
96413.58923076924,45607.17972579121,50806.40950497803,189.91173919245378,52.696315851670185
8321.315,48166.75408546032,-39845.43908546032,-144.92884857921942,478.83584608274435
5062.08,32769.794613054975,-27707.714613054974,-122.1838375278106,547.358291711213
6976.780000000001,51029.496253578836,-44052.71625357884,-155.6725238174003,631.4190250169682
29934.847142857143,49446.00441879475,-19511.157275937607,-70.04342000680812,65.17874363221271
36955.80777777778,65046.94591226126,-28091.13813448348,-87.9236675214666,76.01278343961732
60284.834117647064,37209.623888369235,23075.21022927783,95.49220934345597,38.27697391394674
15496.72,48497.30881032819,-33000.58881032819,-119.62247511408403,212.95208799235058
18837.02,36243.4119106152,-17406.3919106152,-72.98676844668385,92.40523135089944
145546.94214285715,37220.30143060758,108326.64071224957,448.2241452988538,74.42728724999587
8816.38,43945.197191901076,-35128.81719190108,-133.76969395191205,398.4494451452987
17776.61,64651.81978677596,-46875.20978677596,-147.16439952444225,263.69037621220224
16644.2625,52801.56165164461,-36157.299151644605,-125.60950782798655,217.23581415304287
14397.54622222222,53685.610113199655,-39288.063890977435,-135.35727295051527,272.880276156623
20718.644285714287,60326.43905125376,-39607.79476553947,-128.72909997998283,191.16981892898002
123560.86142857144,62734.735312576,60826.126115995445,193.8590312921072,49.227664337026376
54079.53888888889,63463.58393136688,-9384.045042477985,-29.73566818014884,17.35230224828344
17639.62960486322,53890.4777252674,-36250.84812040418,-124.65567942374125,205.50798929706477
24043.294,52594.63699128561,-28551.342991285608,-99.38154075017513,118.74971454113404
48613.634999999995,61498.70884867735,-12885.073848677355,-41.47666492530046,26.505061488772352
24839.862,64808.56923624415,-39968.70723624415,-125.32964219311108,160.9055124229118
6917.8868,51233.87633759401,-44315.98953759401,-156.2902041604925,640.6000968040414
18924.928333333333,55755.91957414176,-36830.99124080842,-124.5138984926099,194.61627855116538
4469.723333333333,63658.8432709142,-59189.119937580865,-187.26750587341195,1324.2233472522355
34703.069,61851.10309028361,-27148.034090283603,-87.13940221099776,78.22949056835175
4430.04,44722.719023242964,-40292.67902324296,-152.09395718904418,909.5330747181281
32261.695714285714,61383.77332604277,-29122.077611757057,-93.83081301937202,90.26827935414936
14668.55962962963,54878.371560333784,-40209.811930704156,-137.01917525647457,274.12242882718147
13140.145,61534.418462161775,-48394.27346216177,-155.73450223476942,368.2932986063835
58367.34999999999,62381.1403238868,-4013.7903238868093,-12.828560956856071,6.876773271164119
58640.89,61704.77649810687,-3063.886498106869,-9.846076282868573,5.224829463036576
20398.96241134752,53497.2647470608,-33098.30233571328,-114.23254301596404,162.25483271296866
16955.81040609137,53330.671435687414,-36374.861029596046,-125.73689520057286,214.52741071301665
19684.47,62011.24280544657,-42326.77280544657,-135.68438000547593,215.0262252702083
19854.255,64683.97961826075,-44829.72461826075,-140.70762104299948,225.79404071450048
60246.66128205128,64720.20997056052,-4473.54868850924,-14.037252913193003,7.425388549858117
30939.843285550454,52260.762776678945,-21320.91949112849,-74.45056077848126,68.91088391868423
9727.336666666666,53316.33056746346,-43588.99390079679,-150.6942336138821,448.10820674240875
1433.77,62251.389096273844,-60817.61909627385,-194.58296018254876,4241.7974358700385
29208.75285714286,50520.63447859119,-21311.881621448334,-75.68979208752536,72.96402460482531
78074.595,61725.46946832164,16349.125531678364,52.530585657732665,20.940391085830626
5570.71,30586.27449531336,-25015.56449531336,-114.18181228150002,449.0552280645261
70159.048,63292.51811621948,6866.529883780517,21.787682723401193,9.7870910160875
14292.414130434783,52185.2228137538,-37892.80868331902,-132.41370614994028,265.12531989000166
32510.57,62204.780575246004,-29694.210575246005,-95.04074192498784,91.33709613595211
628.2833333333333,52394.25541918737,-51765.97208585404,-180.53127631037884,8239.271892063673
26445.4,60977.55891842271,-34532.158918422705,-111.63198025082414,130.5790758257493
72730.81089041097,63780.0051522985,8950.805738112467,28.292398843440072,12.30675916923204
11018.52,61869.296632245525,-50850.77663224553,-163.19615263176627,461.50278469563546
17146.59,64994.60564443834,-47848.01564443835,-149.8218619461531,279.0526608756513
12763.160081300812,53383.492741920294,-40620.33266061948,-140.34272289391595,318.2623457033337
71737.26343936381,64530.52989822235,7206.733541141468,22.646743665226023,10.046011229900046
105484.44,63199.087484188974,42285.35251581103,134.27169360312087,40.086815188866744
9774.8,61198.731012269585,-51423.93101226959,-165.93728465903422,526.0867845098579
57115.1952,63117.236725621726,-6002.041525621724,-19.071063946668982,10.508659743881474
16806.68,52388.808407580305,-35582.128407580305,-124.09736999282187,211.7142017791753
37408.15806451612,53665.63772978083,-16257.479665264706,-56.02153279817589,43.459717094934696
57197.10357142857,64966.77151040635,-7769.6679389777855,-24.33362050908694,13.584023409987731
96995.135,64932.977958228075,32062.15704177192,100.44076033770918,33.05542802922221
1558.865,64230.10362735041,-62671.23862735041,-197.40078798425108,4020.3121262810064
64162.32268292683,64870.89076456579,-708.5680816389577,-2.220785276865829,1.1043367072923982
31401.074444444443,53379.416943383476,-21978.342498939033,-75.9377874478652,69.99232633846228
36780.584285714285,61415.43875624048,-24634.854470526196,-79.35259556865496,66.97787691234277
39077.48416666666,42091.20741807444,-3013.723251407777,-11.726207959514896,7.71217317510553
32428.91857142857,64599.13900049938,-32170.22042907081,-101.03936008897203,99.20226096412081
25695.415833333333,64595.375200546754,-38899.95936721342,-122.17950189956602,151.38871314450773
101234.924,61346.2246525782,39888.699347421796,128.56000193888698,39.40211319506873
74695.73,52967.6915798212,21728.038420178797,75.3641686333133,29.088728927582334
81546.60925619835,62921.555448270694,18625.05380792766,59.271746761376946,22.83976486307672
2009.394,64359.0472243155,-62349.6532243155,-196.1910332659274,3102.908300926324
2750.93,52725.11337809441,-49974.18337809441,-173.7348165892672,1816.6286811403565
1902.04,52261.83786239263,-50359.79786239263,-175.84966863456742,2647.6729123673863
26994.75,44001.65400432239,-17006.904004322387,-64.72032278949219,63.000783501689725
42109.66,35072.81943986019,7036.840560139812,29.994545557963022,16.710751310126494
2955.161666666667,34415.614377743856,-31460.45271107719,-135.37457914772162,1064.5932865853538
13157.93,37282.620696800455,-24124.690696800455,-99.73749421090793,183.3471579253002
4237.213333333334,52097.38401522687,-47860.170681893534,-167.38487026383595,1129.5199678851868
14688.563333333334,43164.29942664221,-28475.73609330888,-109.41138766857871,193.8633169704744
54197.90111111112,42519.800335692074,11678.100775419043,45.20916913795508,21.547145804553885
50970.193043478255,41081.100144668424,9889.092898809831,38.94801594809809,19.401717569274858
21177.923255813952,48145.06709417407,-26967.143838360116,-98.10902700943215,127.33611087648482
37515.70714285714,38659.32341074221,-1143.616267885067,-4.643047377341328,3.0483665509229443
77786.12666666666,48281.67073146402,29504.45593520264,107.18805262835465,37.93022894897022
5679.931666666666,52835.749423929185,-47155.81775726252,-163.7650642235469,830.2180470585919
43098.93611111111,48245.96393342837,-5147.0278223172645,-18.705784945372937,11.942354700004618
99058.49285714286,48624.452249443726,50434.040607699135,182.57710560161382,50.913393847443814
13721.74,53210.863170341596,-39489.1231703416,-136.65554351518915,287.78509992421954
25026.543333333335,42756.28502047453,-17729.74168714119,-68.44667276077597,70.8437495781793
68750.54832352941,48516.27466785027,20234.273655679135,73.33204755138003,29.431436038094976
40877.43707964601,34398.31237790109,6479.1247017449205,27.886736038081782,15.850124578801083
50600.208,43293.580185915474,7306.627814084524,28.032068785914493,14.43991655940332
74767.24829787234,43350.52891965137,31416.719378220972,120.45187025135341,42.01936020576406
10492.455,35153.10269081295,-24660.647690812948,-104.99595366074082,235.0321987639018
51581.73,32604.831620804023,18976.89837919598,83.89463062549831,36.78996105635848
43773.82857142857,32861.29154717539,10912.537024253179,48.054419034716275,24.92936391535068
36865.425,32006.31407927184,4859.1109207281625,21.681478629402864,13.180672461332431
37311.9725,32099.263439754257,5212.7090602457465,23.225542539472134,13.97060704910668
9383.9,31646.456923536152,-22262.556923536154,-99.89929214135678,237.24205206296057
23172.975,34755.47702289939,-11582.502022899389,-49.59531729452852,49.98280118499843
110627.07384615384,31751.302760745133,78875.7710854087,353.35623469112704,71.29879544233373
2502.955,35387.3848518248,-32884.429851824796,-139.54555171077382,1313.8242538049944
1320.17,33870.7110248763,-32550.5410248763,-141.1874094649809,2465.632534058212
71504.8928,31706.586068357592,39798.30673164241,178.41845264543022,55.65815872622694
2741.75,31756.0747526863,-29014.3247526863,-129.97175256893019,1058.2410778767687
23460.683666666668,31382.37811169252,-7921.6944450258525,-35.69645401209533,33.76582949405319
11819.168,32763.998927627086,-20944.83092762709,-92.36944253981987,177.21070491279156
22990.82285714286,31603.423856063484,-8612.600998920625,-38.673829222517114,37.46103848668834
85784.02900000001,31766.366235696252,54017.66276430376,241.93680165399675,62.969370165982475
28007.75,31451.21561270812,-3443.4656127081216,-15.499830452258873,12.294688479824769
17600.958,31506.129336236885,-13905.171336236886,-62.53580344433417,79.00235507770024
24210.38666666667,30869.620960675114,-6659.234294008445,-30.25579450286947,27.505691609531414
13763.95,31033.9670505382,-17270.017050538198,-78.25715119286988,125.47282611850665
153576.6366666667,31572.997078633874,122003.63958803282,548.1063040133442,79.44153631443169
22071.01555555556,41254.05349919754,-19183.037943641975,-75.39351426774131,86.91506693634383
28715.727272727272,41263.24409538699,-12547.516822659716,-49.30897982235606,43.69562610582635
24370.429210526316,42288.92632666722,-17918.497116140905,-69.55657144852286,73.52557052381077
3043.93,45678.85501775414,-42634.92501775414,-159.24206986190345,1400.6539249507755
35486.170000000006,50162.78339550657,-14676.613395506567,-52.31002847273952,41.35868535687724
24978.15,50277.05545406557,-25298.90545406557,-90.06721414252533,101.2841441582566
48806.93632653061,28148.558739932323,20658.377586598286,98.29197119049134,42.32672472697031
46632.99,46404.67676614736,228.31323385264113,0.8460579772981857,0.4895959573954858
10816.05,41428.714533068916,-30612.664533068917,-120.06054721905484,283.0299835251216
51291.89534090909,49657.200695868014,1634.694645041076,5.855924089556729,3.1870427758150828
39186.22,44335.26737768556,-5149.047377685558,-19.52100339971312,13.139944035647117
49583.24625,42365.29795894876,7217.948291051238,27.99358687418325,14.557232204317883
24452.89,50266.7958450361,-25813.905845036097,-91.91005698664895,105.56586908556042
33529.275714285715,42224.397797705635,-8695.12208341992,-33.778772773346816,25.932925475378564
10176.14,50099.616573770174,-39923.476573770175,-142.38395991128314,392.32436438345167
34861.486000000004,50269.61976190275,-15408.133761902747,-54.85890757092571,44.19815541397961
30251.24125,29460.2255274634,791.0157225365983,3.6788916508805514,2.614820714295809
22666.831666666665,44711.14878497009,-22044.31711830343,-83.2220962418443,97.25363227857427
25107.977575757577,41355.48289511336,-16247.505319355783,-63.77787644576432,64.7105298319335
33050.707500000004,41390.67380044382,-8339.966300443819,-32.723742212477326,25.23385104674028
2848.075,60013.51379093723,-57165.43879093723,-186.2768686915671,2007.160583584956
19636.964285714286,48844.92743633621,-29207.963150621927,-105.49732622821232,148.73970704255166
26200.865,44497.26028522941,-18296.395285229406,-69.23868539905224,69.83126429310408
40916.83642857143,32751.16468634151,8165.671742229915,36.01873517435582,19.95675241531622
9506.615714285714,49044.70584601981,-39538.0901317341,-142.51793964381835,415.9007928796333
10792.5025,43557.728121984,-32765.225621984,-125.3229092723783,303.5924765547564
22036.66484848485,58955.951610427015,-36919.28676194217,-121.3778360902159,167.53572746050355
11851.71,49097.95004408247,-37246.24004408247,-134.18398122565333,314.2689117779837
13588.025,34574.1791171225,-20986.154117122496,-90.09627472341236,154.44594867261796
15115.152000000002,49744.49979158901,-34629.34779158901,-123.94291133755362,229.1035365809686
29419.75120689655,49492.20393080775,-20072.4527239112,-72.02478358213,68.22781261048134
5108.105,41334.338939283014,-36226.23393928302,-142.23864431114578,709.1912546684733
14228.31625,52217.89824623418,-37989.58199623418,-132.7103322140839,266.99984262884357
18048.385,50618.80510227411,-32570.420102274114,-115.56260707052652,180.4616873048426
32667.00941176471,49438.26860215809,-16771.25919039338,-60.21212569524169,51.34005068842748
22606.795833333337,43213.961164981985,-20607.165331648648,-79.13272695072288,91.15473720191576
17906.03,35037.322592145436,-17131.292592145437,-73.0591460928861,95.67331559338076
20599.176666666663,34725.80510554662,-14126.628438879958,-60.514893852965166,68.57860713306808
55000.4025,34136.29194847001,20864.110551529986,90.14499486538516,37.934468845987055
35217.96,34390.15560363533,827.8043963646705,3.5633671605957447,2.3505177368725234
4221.256666666667,34662.33635896269,-30441.07969229602,-130.521197917864,721.1378529212711
30894.27,34159.199737413815,-3264.929737413815,-14.101649332716802,10.568075366123928
5216.9,34929.275694568496,-29712.375694568495,-126.90902364867011,569.5408325742969
30733.01,34285.14327021557,-3552.133270215574,-15.313913239520858,11.558038962716552
21500.0,34416.31026376948,-12916.310263769483,-55.57842427210366,60.07586169195108
22809.612499999996,35129.97789078713,-12320.365390787134,-52.47283936801098,54.01391799526246
30975.3312,41667.26936271557,-10691.938162715567,-41.812759784152455,34.51759109105367
13312.45,34584.11988952266,-21271.669889522662,-91.30890524248049,159.78779180032723
